POST ID	SOURCE NAME	POST TEXT
756431540075106308	twitter	dlvr -  Manager Karanka backs Negredo to find form at Middlesbrough https://t.co/hqlXcn08MX
756431541782196224	twitter	dlvr -  Five on Friday: Why you should watch Boo Junfeng’s prison film Apprentice https://t.co/6G4zrIJhen
756431543992655872	twitter	Apple to open first Apple Store in Taiwan https://t.co/OLy1RJl1at
756431546169434113	twitter	Manager Karanka backs Negredo to find form at Middlesbrough https://t.co/Ylbc6nePVH
756431548061065216	twitter	Five on Friday: Why you should watch Boo Junfeng’s prison film Apprentice https://t.co/4iqAv4vPc9
756431864609574912	twitter	Manager Karanka backs Negredo to find form at Middlesbrough https://t.co/UbvgJ6qRQT
756431987703853056	twitter	[CNA] Long queues at Michelin-starred hawker stalls: The owner of one of the stalls - Hong Kong Soya Sauce Ch... https://t.co/UoBrFC0LhX
756431988538482688	twitter	[CNA] Commuters may need to wait to experience the benefits of SMRT privatisation: Analysts: Analysts say tha... https://t.co/XNHYzNSYmo
756431998277648384	twitter	[News] Long queues at Michelin-starred hawker stalls https://t.co/cD3E9q40F9
756431999007469568	twitter	[News] Commuters may need to wait to experience the benefits of SMRT privatisation: Analysts https://t.co/kd7mkAPypJ
756432014278930432	twitter	DTN Singapore: Long queues at Michelin-starred hawker stalls: The owner of one of the stalls - Hong Kong Soya... https://t.co/3YbKWqztu0
756432015004545024	twitter	DTN Singapore: Commuters may need to wait to experience the benefits of SMRT privatisation: Analysts: Analyst... https://t.co/aMNxujItDn
756432020360671233	twitter	DTN Singapore: Long queues at Michelin-starred hawker stalls: The owner of one of the stalls - Hong Kong Soya... https://t.co/Km1em2AVLS
756432021442797568	twitter	DTN Singapore: Commuters may need to wait to experience the benefits of SMRT privatisation: Analysts: Analyst... https://t.co/3LNQvkY03L
756432023028244480	twitter	NewsInSG: Commuters may need to wait to experience the benefits of SMRT privatisation: Analysts: A... https://t.co/rw3TYDAhQQ #Singapore
756432025247027200	twitter	Commuters may need to wait to experience the benefits of SMRT privatisation: Analysts: Analysts say that with... https://t.co/o1GB8KR9tZ
756432026908012544	twitter	Commuters may need to wait to experience the benefits of SMRT privatisation: Analysts: Analysts say that with... https://t.co/zTXHDcugbh
756432047267119104	twitter	Long queues at Michelin-starred hawker stalls https://t.co/AhUzzVcOqL
756432050031300608	twitter	ChannelNewsAsia: FIVE ON FRIDAY: Why GenevieveLohCNA thinks you should watch Boo Junfeng’s Apprentice … https://t.co/kg4BtJARnQ
756432054552670208	twitter	Commuters may need to wait to experience the benefits of SMRT privatisation: Analysts https://t.co/ueoI3ANcWe
756432108990496768	twitter	RT @ChannelNewsAsia: FIVE ON FRIDAY: Why @GenevieveLohCNA thinks you should watch Boo Junfeng’s Apprentice https://t.co/YKPvEh1bIg https://…
756432198924926976	twitter	Manager Karanka backs Negredo to find form at Middlesbrough https://t.co/lVEwnrUbVu
756432494786932737	twitter	RT @GandhiJump: https://t.co/7h0gkvkdFP are #japan trying to hide dolphin slaughter by arresting activists? #OpKillingBay
756432528425103360	twitter	Happy for these hawkers, but there are many more great hawkers to support out there. https://t.co/356XWIYeps
756432810525728772	twitter	CNA: Five on Friday: Why you should watch Boo Junfeng’s prison film Apprentice https://t.co/4PuuqJQseJ
756432838321377280	twitter	RT @ASEANstudies: "The failure of the ASEAN Foreign Ministers to issue the joint statement is symptomatic of ASEAN’s outmoded... https://t.…
756433118362501120	twitter	HDB resale prices remain unchanged in Q2, transactions on up - Channel NewsAsia https://t.co/08wd4iBc5t
756433127573041152	twitter	JUST IN: Singapore's Ministry of Communications and Information bans publication and distribution of ISIS-linked Al Fatihin newspaper
756433139287732224	twitter	Do we even dare expect lower fares? Higher taxes maybe ... https://t.co/Lus2ncX5FO
756433327326896128	twitter	Computer_ID: Apple to open first Apple Store in Taiwan - Channel NewsAsia https://t.co/rzkUlZBWNZ #AppleNews #computer #pc #Apple #iPhone …
756433826499268608	twitter	Go watch @witheringtravis 's mastery now! You won't be disappointed with #Apprentice https://t.co/nhEetEiR5F
756433830915956737	twitter	“ISIS’ intention to use the newspaper, Al Fatihin, to spread extremist ideology in the region is deplorable": Dr @YaacobIbrahim
756433865477017600	twitter	Rosberg signs two-year extension at Mercedes https://t.co/3CLtyzLccj
756433867251130368	twitter	Indian air force plane goes missing with 29 on board https://t.co/AovNsddqRe
756433868769472512	twitter	Five on Friday: Why you should watch Boo Junfeng’s prison film Apprentice https://t.co/mYxhxlzLbU
756433870455648257	twitter	Manager Karanka backs Negredo to find form at Middlesbrough https://t.co/wphFxrJ4R6
756433872104009728	twitter	CAS ruling limits room for 'legal manoeuvring' to defend Russian athletes - Kremlin https://t.co/q4l1Tu1XVb
756433873727135744	twitter	EU refers Greece to court over failure to recover shipyards state aid https://t.co/QZva143s57
756434017856000000	twitter	Tbh.. its damn good https://t.co/yRu1hb06a9
756434104791494656	twitter	Manager Karanka backs Negredo to find form at Middlesbrough https://t.co/Z5wKI2uBCg
756434218486407168	twitter	#Qatar Five on Friday: Why you should watch Boo Junfeng’s prison film Apprentice: It took Boo 5 years to make... https://t.co/vXlbmjMsLu
756434272307781633	twitter	RT @GandhiJump: https://t.co/7h0gkvkdFP are #japan trying to hide dolphin slaughter by arresting activists? #OpKillingBay
756434677209112578	twitter	Two Singapore hawker stalls awarded Michelin star https://t.co/tbqdEmL5m1
756434737552433152	twitter	Extremism has no place in Singapore. We take a very strong stance against terrorist propaganda: Dr @YaacobIbrahim
756434850505109504	twitter	We have never asked to be part of this narrative... https://t.co/lphSQsBjZo
756434941760512001	twitter	can't wait for the teasing https://t.co/ltI6RMymPz
756435275409088512	twitter	RT @SumishaCNA: JUST IN: Malaysian Anti-Corruption Commission confirms it's working with @FBI on @TheJusticeDept #1MDB investigations
756435340596948992	twitter	RT @SumishaCNA: But MACC says its cooperation with @FBI is focused on possible fraud & money laundering by a businessman thought to have co…
756435579995361281	twitter	CAS ruling limits room for 'legal manoeuvring' to defend Russian athletes - Kremlin https://t.co/iKelnPKVvd
756435582365171712	twitter	EU refers Greece to court over failure to recover shipyards state aid https://t.co/6D2pASyjR2
756435583543676928	twitter	Rashid ignored, England bat against Pakistan at Old Trafford https://t.co/X0AWxm4fzS
756435784928993284	twitter	ChannelNewsAsia: JUST IN: Singapore's Ministry of Communications and Information bans publication and distribution of ISIS-linked Al Fatihi…
756435786942320640	twitter	ChannelNewsAsia: “ISIS’ intention to use the newspaper, Al Fatihin, to spread extremist ideology in the region is deplorable": Dr YaacobIbr…
756435789135880192	twitter	ChannelNewsAsia: "Extremism has no place in Singapore. We take a very strong stance against terrorist propaganda": Dr YaacobIbrahim
756435790977261568	twitter	ChannelNewsAsia: RT SumishaCNA: JUST IN: Malaysian Anti-Corruption Commission confirms it's working with FBI on TheJusticeDept #1MDB invest…
756435793497980928	twitter	ChannelNewsAsia: RT SumishaCNA: But MACC says its cooperation with FBI is focused on possible fraud & money laundering by a businessman tho…
756435830776795138	twitter	#world #singapore Fears for peace deal as fighting flares in Mali's desert north: Tuareg rebels battled... https://t.co/p1eQ2jPr4s #news
756435943616344066	twitter	CAS ruling limits room for 'legal manoeuvring' to defend Russian athletes - Kremlin https://t.co/wzx9xSNTF5
756435945654718465	twitter	EU refers Greece to court over failure to recover shipyards state aid https://t.co/7NtDHy6qXi
756435947164667904	twitter	Rashid ignored, England bat against Pakistan at Old Trafford https://t.co/iIOHXGoRHP
756436330024808448	twitter	IEF views on market developments https://t.co/MsyCXGYruz
756436436748898305	twitter	https://t.co/WtUOtAfrbi HomeTeamNS offers free gym access to members affected by California Fitness closure
756436654395568129	twitter	Argentina eye Pochettino, Simeone to fill coach void https://t.co/frQMUvyCGP https://t.co/PgpzX2jb4L
756436686263898114	twitter	RT @GenevieveLohCNA: Go watch @witheringtravis 's mastery now! You won't be disappointed with #Apprentice https://t.co/nhEetEiR5F
756436787657056256	twitter	I like this...extremism and terrorism have no place on Earth...:) https://t.co/CEP3RmmNC2
756436893374439424	twitter	RT @MelGohCNA: White House calls for Malaysian transparency in wake of 1MDB scandal - Channel NewsAsia https://t.co/sFnRdwGsdz
756436917407719424	twitter	Russia's athletics ban has saved the Games, says Campbell: REUTERS: The decision to ban Russia's track and fi... https://t.co/3uQLdJlEig
756437214544953345	twitter	EU refers Greece to court over failure to recover shipyards state aid https://t.co/R21emy5En5
756437215572615168	twitter	Rosberg signs two-year extension at Mercedes https://t.co/DEN3pNDHwx
756437218063941632	twitter	CAS ruling limits room for 'legal manoeuvring' to defend Russian athletes - Kremlin https://t.co/SNvhIOXwYy
756437219309654016	twitter	Rashid ignored, England bat against Pakistan at Old Trafford https://t.co/cgXiKLCFB0
756437855468068865	twitter	Those caught possessing, distributing IS-linked Al Fatihin paper in S'pore risk jail/fine https://t.co/818PSvJhBd https://t.co/tHfsfKZZdq
756437896119201793	twitter	RT @JeremyKohCNA: I'll have reactions from family members in #Beijing https://t.co/7svrfPSYCI
756437909918523392	twitter	NEWS: EU refers Greece to court over failure to recover shipyards state aid https://t.co/8kvPurXgDm https://t.co/ZEHgndtNXQ
756437917581479936	twitter	NEWS: Rashid ignored, England bat against Pakistan at Old Trafford https://t.co/1k9AVzT0aO https://t.co/8j2FaubDCD
756437922249740288	twitter	CAS ruling limits room for 'legal manoeuvring' to defend Russian athletes - Kremlin https://t.co/Di0yJH0wbd
756437924569227264	twitter	RT @SteveLaiCNA: We'll also have @ToniWatermanCNA asking @MichiyoCNA how many Pokemon she has caught. It's gone LIVE in Japan!!! https://t.…
756437924904775680	twitter	EU refers Greece to court over failure to recover shipyards state aid https://t.co/AcGPFzrBzC
756437927287099392	twitter	Rashid ignored, England bat against Pakistan at Old Trafford https://t.co/iFSFx8YLak
756437928864194561	twitter	IS-linked newspaper Al Fatihin to be prohibited in Singapore https://t.co/Qbxj7WbwBV https://t.co/5KTEA5fYAU
756437934673391616	twitter	IS-linked newspaper Al Fatihin to be prohibited in Singapore https://t.co/pcO639HO3u https://t.co/U74ttXL29J
756437954915074048	twitter	CAS ruling limits room for 'legal manoeuvring' to defend Russian athletes - Kremlin https://t.co/pAgrc5ovMR
756437957909868544	twitter	EU refers Greece to court over failure to recover shipyards state aid https://t.co/oUeqN8gDwN
756437960250232832	twitter	Rashid ignored, England bat against Pakistan at Old Trafford https://t.co/J3OsyhPU4l
756438126730448900	twitter	RT @ChannelNewsAsia: FIVE ON FRIDAY: Why @GenevieveLohCNA thinks you should watch Boo Junfeng’s Apprentice https://t.co/YKPvEh1bIg https://…
756438154513489920	twitter	RT @ChannelNewsAsia: Those caught possessing, distributing IS-linked Al Fatihin paper in S'pore risk jail/fine https://t.co/818PSvJhBd http…
756438221664518144	twitter	70 #whales corpses discovered in #Chile  https://t.co/hzd4Siyzpu #animals #oceans #sea https://t.co/lgYYH98X9r
756438221907787776	twitter	IS-linked newspaper Al Fatihin to be prohibited in Singapore https://t.co/xGjgOd3jen
756438246335193089	twitter	#singapore #news UK economy wilting fast after Brexit vote, as PMI shows record drop: Britain's eco... https://t.co/dlOIFqZegy #business
756438250135232512	twitter	RT @SumishaCNA: BREAKING: @ChannelNewsAsia understands ministers have decided to suspend -not end- search for #MH370 upon completion of 120…
756438290367062018	twitter	RT @SumishaCNA: Malaysia "should be conspicuous about making clear that they're committed to transparency and good governance" #1MDB https:…
756438497192357893	twitter	RT @ChannelNewsAsia: Those caught possessing, distributing IS-linked Al Fatihin paper in S'pore risk jail/fine https://t.co/818PSvJhBd http…
756438779032801281	twitter	RT @ChannelNewsAsia: Hawkers in Singapore taste #MichelinStar fame https://t.co/bxMoARecjr #michelinguidesg https://t.co/2wVyrMA9Tc
756438842991845377	twitter	Now in Asia: Indian air force plane goes missing with 29 on board https://t.co/F34DlCkW2z
756438844166189056	twitter	Best. ?? https://t.co/dk2e8w26ID
756438901149962241	twitter	RT @ChannelNewsAsia: Those caught possessing, distributing IS-linked Al Fatihin paper in S'pore risk jail/fine https://t.co/818PSvJhBd http…
756439154037170178	twitter	RT @ChannelNewsAsia: Those caught possessing, distributing IS-linked Al Fatihin paper in S'pore risk jail/fine https://t.co/818PSvJhBd http…
756439389698400256	twitter	Just Happened in Asia: Indian air force plane goes missing with 29 on board https://t.co/F34DlCkW2z
756439392470917121	twitter	Just Happened in Asia:  Japanese operators confident of winning bid to develop Singapore-Malaysia HSR  https://t.co/G6pMBSkGDx
756439398758002689	twitter	By George, Britain's little prince is 3! https://t.co/0DDDv6xLyW (??: @KensingtonRoyal) https://t.co/q2hGv19XBd
756439467259531264	twitter	Exclusive - Top Obama aide to take call for South China Sea calm to Beijing https://t.co/IPDUphbEnD
756439469662887936	twitter	Argentina eye Pochettino, Simeone to fill coach void https://t.co/LCsvlnFsI5
756439471097319424	twitter	Russia's athletics ban has saved the Games, says Campbell https://t.co/1ykGVAjZ6k
756439472632426496	twitter	IS-linked newspaper Al Fatihin to be prohibited in Singapore https://t.co/g2nE6lgKBQ
756439474205327360	twitter	Japanese operators confident of winning bid to develop Singapore-Malaysia HSR  https://t.co/6BDFE35516
756439476025585664	twitter	Hamilton tops opening practise for Hungarian Grand Prix https://t.co/Z0TblxXXDQ
756439477569150977	twitter	America's Cup crews test British sea power on home waters https://t.co/nx5lf4D3f1
756439479280369665	twitter	By George, Britain's little prince is 3! https://t.co/9n3yN5i58G
756439553305567232	twitter	dlvr -  EU refers Greece to court over failure to recover shipyards state aid https://t.co/p08sR1LIjJ
756439554534498305	twitter	IS-linked newspaper Al Fatihin to be prohibited in Singapore https://t.co/bAdx1o95oJ
756439557151739904	twitter	By George, Britain's little prince is 3! https://t.co/V6Rk1ppQpW
756439557495676928	twitter	dlvr -  Rashid ignored, England bat against Pakistan at Old Trafford https://t.co/HKRaOWntSD
756439561970999296	twitter	dlvr -  Exclusive - Top Obama aide to take call for South China Sea calm to Beijing https://t.co/ssxIYbbepu
756439568077828096	twitter	dlvr -  Argentina eye Pochettino, Simeone to fill coach void https://t.co/IaCqxQkVmk
756439570770636800	twitter	dlvr -  Russia's athletics ban has saved the Games, says Campbell https://t.co/ebu6osV25X
756439573052260352	twitter	dlvr -  Hamilton tops opening practise for Hungarian Grand Prix https://t.co/wwAH7R3zkc
756439574906146816	twitter	dlvr -  America's Cup crews test British sea power on home waters https://t.co/H5aq34uOW3
756439577145901056	twitter	dlvr -  Japanese operators confident of winning bid to develop Singapore-Malaysia HSR https://t.co/Uhtt9LB59U
756439578957914112	twitter	dlvr -  IS-linked newspaper Al Fatihin to be prohibited in Singapore https://t.co/RwSPnLg0Xu
756439580597903361	twitter	dlvr -  By George, Britain's little prince is 3! https://t.co/XMkHRGsXtC
756439639557365760	twitter	ChannelNewsAsia: Those caught possessing, distributing IS-linked Al Fatihin paper in S'pore risk jail/fine … https://t.co/obPoW8ZyeT
756439640513519616	twitter	RT @ChannelNewsAsia: By George, Britain's little prince is 3! https://t.co/0DDDv6xLyW (??: @KensingtonRoyal) https://t.co/q2hGv19XBd
756439643760058368	twitter	ChannelNewsAsia: By George, Britain's little prince is 3! https://t.co/YcERqbrpaJ (??: KensingtonRoyal) https://t.co/5m3EkJxZfO
756439664521650176	twitter	RT @ChannelNewsAsia: By George, Britain's little prince is 3! https://t.co/0DDDv6xLyW (??: @KensingtonRoyal) https://t.co/q2hGv19XBd
756439698130608129	twitter	RT @ChannelNewsAsia: By George, Britain's little prince is 3! https://t.co/0DDDv6xLyW (??: @KensingtonRoyal) https://t.co/q2hGv19XBd
756439736701612032	twitter	Exclusive - Top Obama aide to take call for South China Sea calm to Beijing https://t.co/th04fBfz5C
756439740967247872	twitter	Argentina eye Pochettino, Simeone to fill coach void https://t.co/Ud6DmWdT2H
756439743391494144	twitter	Russia's athletics ban has saved the Games, says Campbell https://t.co/I25MJ3VDDf
756439745350205441	twitter	IS-linked newspaper Al Fatihin to be prohibited in Singapore https://t.co/pK4wA9f54z
756439747883655168	twitter	Japanese operators confident of winning bid to develop Singapore-Malaysia HSR  https://t.co/HH623LS519
756439750463131650	twitter	Hamilton tops opening practise for Hungarian Grand Prix https://t.co/AYimFVOyug
756439753122283520	twitter	America's Cup crews test British sea power on home waters https://t.co/74wv7mqKQT
756439755110440960	twitter	By George, Britain's little prince is 3! https://t.co/26hCmhERdk
756439833367764992	twitter	RT @ChannelNewsAsia: By George, Britain's little prince is 3! https://t.co/0DDDv6xLyW (??: @KensingtonRoyal) https://t.co/q2hGv19XBd
756439835653451776	twitter	RT @ChannelNewsAsia: By George, Britain's little prince is 3! https://t.co/0DDDv6xLyW (??: @KensingtonRoyal) https://t.co/q2hGv19XBd
756439940116787203	twitter	RT @ChannelNewsAsia: By George, Britain's little prince is 3! https://t.co/0DDDv6xLyW (??: @KensingtonRoyal) https://t.co/q2hGv19XBd
756440028566347776	twitter	RT @ChannelNewsAsia: By George, Britain's little prince is 3! https://t.co/0DDDv6xLyW (??: @KensingtonRoyal) https://t.co/q2hGv19XBd
756440044039057408	twitter	RT @ChannelNewsAsia: By George, Britain's little prince is 3! https://t.co/0DDDv6xLyW (??: @KensingtonRoyal) https://t.co/q2hGv19XBd
756440113580683265	twitter	RT @ChannelNewsAsia: By George, Britain's little prince is 3! https://t.co/0DDDv6xLyW (??: @KensingtonRoyal) https://t.co/q2hGv19XBd
756440147852353538	twitter	ASEAN kicks off first talks since #SouthChinaSea ruling https://t.co/YJTygfP4ZX https://t.co/5cg21yRJ8b
756440151564296192	twitter	RT @ChannelNewsAsia: By George, Britain's little prince is 3! https://t.co/0DDDv6xLyW (??: @KensingtonRoyal) https://t.co/q2hGv19XBd
756440382833950720	twitter	RT @ChannelNewsAsia: By George, Britain's little prince is 3! https://t.co/0DDDv6xLyW (??: @KensingtonRoyal) https://t.co/q2hGv19XBd
756440451914223617	twitter	RT @ChannelNewsAsia: By George, Britain's little prince is 3! https://t.co/0DDDv6xLyW (??: @KensingtonRoyal) https://t.co/q2hGv19XBd
756440469999976448	twitter	RT @SumishaCNA: Families of #MH370 passengers hope for search to be continued https://t.co/dVDZMmrXw6
756440580486406144	twitter	RT @ChannelNewsAsia: By George, Britain's little prince is 3! https://t.co/0DDDv6xLyW (??: @KensingtonRoyal) https://t.co/q2hGv19XBd
756440675369955328	twitter	RT @ChannelNewsAsia: By George, Britain's little prince is 3! https://t.co/0DDDv6xLyW (??: @KensingtonRoyal) https://t.co/q2hGv19XBd
756440858556116992	twitter	RT @ChannelNewsAsia: By George, Britain's little prince is 3! https://t.co/0DDDv6xLyW (??: @KensingtonRoyal) https://t.co/q2hGv19XBd
756440966546935808	twitter	The future husband of my daughter ??. https://t.co/8Rhx0ts9Jg
756441043357360128	twitter	#Asia Indian air force plane goes missing with 29 on board https://t.co/H9Gz6HAYXI
756441045429317632	twitter	#Asia  Japanese operators confident of winning bid to develop Singapore-Malaysia HSR  https://t.co/AWKHLteyEX
756441079990280192	twitter	RT @ChannelNewsAsia: By George, Britain's little prince is 3! https://t.co/0DDDv6xLyW (??: @KensingtonRoyal) https://t.co/q2hGv19XBd
756441107320475648	twitter	Indian air force plane goes missing with 29 on board https://t.co/H8B5cLTnX0
756441111950979072	twitter	Japanese operators confident of winning bid to develop Singapore-Malaysia HSR  https://t.co/CrMnf4hCIx
756441139889053696	twitter	RT @ChannelNewsAsia: By George, Britain's little prince is 3! https://t.co/0DDDv6xLyW (??: @KensingtonRoyal) https://t.co/q2hGv19XBd
756441141965357056	twitter	Exclusive - Top Obama aide to take call for South China Sea calm to Beijing https://t.co/D7npdcSZfZ
756441165126303744	twitter	Argentina eye Pochettino, Simeone to fill coach void https://t.co/bnvfDiHyHs
756441169576493056	twitter	Russia's athletics ban has saved the Games, says Campbell https://t.co/XJxdBVwx9z
756441173351432193	twitter	IS-linked newspaper Al Fatihin to be prohibited in Singapore https://t.co/e8Di10UkhS
756441179089145860	twitter	Hamilton tops opening practise for Hungarian Grand Prix https://t.co/kEcJdzuU51
756441181165391872	twitter	America's Cup crews test British sea power on home waters https://t.co/EBNi9e0ji1
756441183237312512	twitter	By George, Britain's little prince is 3! https://t.co/piy2CAKkgD
756441200421249026	twitter	IndoChina:  IS-linked newspaper Al Fatihin to be prohibited in Singapore - Channel NewsAsia https://t.co/D01zEgcovC
756441217559240704	twitter	RT @ChannelNewsAsia: By George, Britain's little prince is 3! https://t.co/0DDDv6xLyW (??: @KensingtonRoyal) https://t.co/q2hGv19XBd
756441235854794753	twitter	Where can I get a copy? https://t.co/lbDDFGddX9
756441254271909888	twitter	RT @ChannelNewsAsia: Hawkers in Singapore taste #MichelinStar fame https://t.co/bxMoARecjr #michelinguidesg https://t.co/2wVyrMA9Tc
756441282571018240	twitter	#Volkswagen halt #Sales most #Vehicles #Southkorea amid: https://t.co/V2vftQZrG0, https://t.co/msBRM5Mu4Y https://t.co/tcPXZJNdjo
756441319896080384	twitter	RT @ChannelNewsAsia: FIVE ON FRIDAY: Why @GenevieveLohCNA thinks you should watch Boo Junfeng’s Apprentice https://t.co/YKPvEh1bIg https://…
756441340930428928	twitter	RT @ChannelNewsAsia: By George, Britain's little prince is 3! https://t.co/0DDDv6xLyW (??: @KensingtonRoyal) https://t.co/q2hGv19XBd
756441553778970624	twitter	Exclusive - Top Obama aide to take call for South China Sea calm to Beijing https://t.co/JlZRlqxYg5
756441555531988992	twitter	RT @ChannelNewsAsia: By George, Britain's little prince is 3! https://t.co/0DDDv6xLyW (??: @KensingtonRoyal) https://t.co/q2hGv19XBd
756441556366794752	twitter	Argentina eye Pochettino, Simeone to fill coach void https://t.co/dUpkaYYaLu
756441558749151232	twitter	Russia's athletics ban has saved the Games, says Campbell https://t.co/ASIgTlzGl7
756441560636686336	twitter	IS-linked newspaper Al Fatihin to be prohibited in Singapore https://t.co/feaRWwfZi2
756441562238881792	twitter	Japanese operators confident of winning bid to develop Singapore-Malaysia HSR  https://t.co/cFqE8yqjKa
756441563811700737	twitter	Hamilton tops opening practise for Hungarian Grand Prix https://t.co/zpokzboeqr
756441565225246720	twitter	America's Cup crews test British sea power on home waters https://t.co/XSrpIrwNbA
756441567251030016	twitter	By George, Britain's little prince is 3! https://t.co/28dhoFltJF
756441573001310208	twitter	RT @ChannelNewsAsia: ASEAN kicks off first talks since #SouthChinaSea ruling https://t.co/YJTygfP4ZX https://t.co/5cg21yRJ8b
756441599840616449	twitter	Japanese Shinkansen operators confident of winning bid to develop KL-Singapore #HSR https://t.co/UBzfTElYZM https://t.co/AX6al039rO
756441618954133504	twitter	RT @ChannelNewsAsia: By George, Britain's little prince is 3! https://t.co/0DDDv6xLyW (??: @KensingtonRoyal) https://t.co/q2hGv19XBd
756441647756435456	twitter	RT @ChannelNewsAsia: Japanese Shinkansen operators confident of winning bid to develop KL-Singapore #HSR https://t.co/UBzfTElYZM https://t.…
756441668740538369	twitter	RT @ChannelNewsAsia: Japanese Shinkansen operators confident of winning bid to develop KL-Singapore #HSR https://t.co/UBzfTElYZM https://t.…
756441691515592705	twitter	RT @ChannelNewsAsia: Japanese Shinkansen operators confident of winning bid to develop KL-Singapore #HSR https://t.co/UBzfTElYZM https://t.…
756441740739956736	twitter	RT @ChannelNewsAsia: FIVE ON FRIDAY: Why @GenevieveLohCNA thinks you should watch Boo Junfeng’s Apprentice https://t.co/YKPvEh1bIg https://…
756441747299807232	twitter	RT @ChannelNewsAsia: Those caught possessing, distributing IS-linked Al Fatihin paper in S'pore risk jail/fine https://t.co/818PSvJhBd http…
756441824663773185	twitter	RT @ChannelNewsAsia: By George, Britain's little prince is 3! https://t.co/0DDDv6xLyW (??: @KensingtonRoyal) https://t.co/q2hGv19XBd
756441831257300992	twitter	IS-linked newspaper Al Fatihin to be prohibited in Singapore https://t.co/EVOxcrjLPl #singapore
756441834545614848	twitter	Japanese operators confident of winning bid to develop Singapore-Malaysia HSR  https://t.co/wH4zXKdO5n #singapore
756441948332838912	twitter	By George, Britain's little prince is 3! https://t.co/0WYnytMykl
756441982109495296	twitter	RT @ChannelNewsAsia: Japanese Shinkansen operators confident of winning bid to develop KL-Singapore #HSR https://t.co/UBzfTElYZM https://t.…
756441994872786944	twitter	RT @ChannelNewsAsia: By George, Britain's little prince is 3! https://t.co/0DDDv6xLyW (??: @KensingtonRoyal) https://t.co/q2hGv19XBd
756442080608595970	twitter	RT @ChannelNewsAsia: By George, Britain's little prince is 3! https://t.co/0DDDv6xLyW (??: @KensingtonRoyal) https://t.co/q2hGv19XBd
756442137168793600	twitter	Wow omg https://t.co/CbOO8Mzotd
756442201140240384	twitter	Well China already holds stake in Bandar Malaysia terminus property #HSR although I do hope Japan will win https://t.co/Nbsz3fgw32
756442371642884096	twitter	RT @ChannelNewsAsia: Japanese Shinkansen operators confident of winning bid to develop KL-Singapore #HSR https://t.co/UBzfTElYZM https://t.…
756442405574811648	twitter	@ChannelNewsAsia USA looking at High Speed Rail. Could find Japanese Rail attractive. Share technology. Ignore CCP overtures
756442424734457856	twitter	RT @ChannelNewsAsia: By George, Britain's little prince is 3! https://t.co/0DDDv6xLyW (??: @KensingtonRoyal) https://t.co/q2hGv19XBd
756442464731340801	twitter	RT @ChannelNewsAsia: By George, Britain's little prince is 3! https://t.co/0DDDv6xLyW (??: @KensingtonRoyal) https://t.co/q2hGv19XBd
756442572298432512	twitter	This is actually a semi-decent development https://t.co/U4fwfHxVn1
756442689818669056	twitter	RT @ChannelNewsAsia: By George, Britain's little prince is 3! https://t.co/0DDDv6xLyW (??: @KensingtonRoyal) https://t.co/q2hGv19XBd
756442717081612288	twitter	RT @ChannelNewsAsia: Japanese Shinkansen operators confident of winning bid to develop KL-Singapore #HSR https://t.co/UBzfTElYZM https://t.…
756442883708694532	twitter	RT @ChannelNewsAsia: Those caught possessing, distributing IS-linked Al Fatihin paper in S'pore risk jail/fine https://t.co/818PSvJhBd http…
756442957130047488	twitter	RT @ChannelNewsAsia: By George, Britain's little prince is 3! https://t.co/0DDDv6xLyW (??: @KensingtonRoyal) https://t.co/q2hGv19XBd
756442972086951936	twitter	RT @ChannelNewsAsia: By George, Britain's little prince is 3! https://t.co/0DDDv6xLyW (??: @KensingtonRoyal) https://t.co/q2hGv19XBd
756443017955782656	twitter	RT @ChannelNewsAsia: By George, Britain's little prince is 3! https://t.co/0DDDv6xLyW (??: @KensingtonRoyal) https://t.co/q2hGv19XBd
756443159941427200	twitter	RT @ChannelNewsAsia: Japanese Shinkansen operators confident of winning bid to develop KL-Singapore #HSR https://t.co/UBzfTElYZM https://t.…
756443238714576896	twitter	I wish Malaysia had one Shinkansen https://t.co/bHJDjtEdTm
756443291185328128	twitter	RT @ChannelNewsAsia: Japanese Shinkansen operators confident of winning bid to develop KL-Singapore #HSR https://t.co/UBzfTElYZM https://t.…
756443369203568640	twitter	RT @ChannelNewsAsia: Japanese Shinkansen operators confident of winning bid to develop KL-Singapore #HSR https://t.co/UBzfTElYZM https://t.…
756443426086944769	twitter	ChannelNewsAsia: ASEAN kicks off first talks since #SouthChinaSea ruling https://t.co/mQIbUhqdUT https://t.co/PXT6zeFfZh
756443430285344768	twitter	ChannelNewsAsia: Japanese Shinkansen operators confident of winning bid to develop KL-Singapore #HSR … https://t.co/6yvf14qW8D
756443442977251328	twitter	Yes please!!! https://t.co/4RjmoOYJJ3
756443447716831232	twitter	Inspiring!  https://t.co/J5QeaJnq5X
756443693331034112	twitter	RT @ChannelNewsAsia: Japanese Shinkansen operators confident of winning bid to develop KL-Singapore #HSR https://t.co/UBzfTElYZM https://t.…
756443695252135936	twitter	Pokemon GO could be next big marketing tool for retailers https://t.co/fYQqLrHC3B
756443712440311808	twitter	RT @ChannelNewsAsia: By George, Britain's little prince is 3! https://t.co/0DDDv6xLyW (??: @KensingtonRoyal) https://t.co/q2hGv19XBd
756443770481106945	twitter	RT @ChannelNewsAsia: Japanese Shinkansen operators confident of winning bid to develop KL-Singapore #HSR https://t.co/UBzfTElYZM https://t.…
756443775413530624	twitter	RT @ChannelNewsAsia: FIVE ON FRIDAY: Why @GenevieveLohCNA thinks you should watch Boo Junfeng’s Apprentice https://t.co/YKPvEh1bIg https://…
756443801552510976	twitter	RT @ChannelNewsAsia: Hawkers in Singapore taste #MichelinStar fame https://t.co/bxMoARecjr #michelinguidesg https://t.co/2wVyrMA9Tc
756443808166912000	twitter	RT @ChannelNewsAsia: By George, Britain's little prince is 3! https://t.co/0DDDv6xLyW (??: @KensingtonRoyal) https://t.co/q2hGv19XBd
756444003030020096	twitter	RT @ChannelNewsAsia: By George, Britain's little prince is 3! https://t.co/0DDDv6xLyW (??: @KensingtonRoyal) https://t.co/q2hGv19XBd
756444008033886208	twitter	RT @ChannelNewsAsia: By George, Britain's little prince is 3! https://t.co/0DDDv6xLyW (??: @KensingtonRoyal) https://t.co/q2hGv19XBd
756444017026400256	twitter	RT @ChannelNewsAsia: By George, Britain's little prince is 3! https://t.co/0DDDv6xLyW (??: @KensingtonRoyal) https://t.co/q2hGv19XBd
756444195070545920	twitter	Coinbase offers digital currency to consumers https://t.co/XoOSTi2Syy https://t.co/62LzNX7kMa
756444271385911297	twitter	RT @ChannelNewsAsia: By George, Britain's little prince is 3! https://t.co/0DDDv6xLyW (??: @KensingtonRoyal) https://t.co/q2hGv19XBd
756444322401292288	twitter	IS-linked newspaper Al Fatihin to be prohibited in Singapore - Channel NewsAsia https://t.co/5uVdbiuKTN #sgbreakin… https://t.co/IYHiXOaSMo
756444327547731969	twitter	Sing CNA: IS-linked newspaper Al Fatihin to be prohibited in Singapore https://t.co/XAOLNzEMWQ
756444533764743168	twitter	@umarkadir @ChannelNewsAsia oh. Cant wait this to happen. Hihi
756444684919054336	twitter	RT @ChannelNewsAsia: By George, Britain's little prince is 3! https://t.co/0DDDv6xLyW (??: @KensingtonRoyal) https://t.co/q2hGv19XBd
756444799276683264	twitter	Turkey says US could extradite cleric Gulen quickly if wants to - https://t.co/JVj2gnynuM
756444883158786048	twitter	IS-linked newspaper Al Fatihin to be prohibited in Singapore https://t.co/ezCwqhUjHH
756444888594542592	twitter	Japanese operators confident of winning bid to develop Singapore-Malaysia HSR  https://t.co/ELdv8hKnKN
756444980940374017	twitter	CNA | IS-linked newspaper Al Fatihin to be prohibited in Singapore https://t.co/lDytfXmV1s https://t.co/hXLZyJJd5U
756444986900488192	twitter	CNA | IS-linked newspaper Al Fatihin to be prohibited in Singapore https://t.co/Yl81erTnjK #sgnews https://t.co/mIXLCs3DRr
756444990184706050	twitter	CNA | IS-linked newspaper Al Fatihin to be prohibited in Singapore https://t.co/wdvbOLkZQF https://t.co/x3qgCe01zy
756444994412552192	twitter	CNA | Japanese operators confident of winning bid to develop KL-Singapore High-Speed Rail https://t.co/FASt7quBev https://t.co/XWOj9ITHcB
756444997554024448	twitter	CNA | Japanese operators confident of winning bid to develop KL-Singapore… https://t.co/wWxK7Lf0dH #sgnews https://t.co/Z20ogomrYB
756445001249271809	twitter	CNA | Japanese operators confident of winning bid to develop KL-Singapore High-Speed Rail https://t.co/lWWvI5Yy7U https://t.co/gR5eLq6sne
756445054223257601	twitter	RT @ChannelNewsAsia: Japanese Shinkansen operators confident of winning bid to develop KL-Singapore #HSR https://t.co/UBzfTElYZM https://t.…
756445118186426368	twitter	RT @ChannelNewsAsia: By George, Britain's little prince is 3! https://t.co/0DDDv6xLyW (??: @KensingtonRoyal) https://t.co/q2hGv19XBd
756445124205260800	twitter	Malaysia, China, Australia to suspend hunt for MH370 after completing current search zone - Channel NewsAsia https://t.co/e4lcjk3ucP
756445145273294848	twitter	RT @ChannelNewsAsia: Japanese Shinkansen operators confident of winning bid to develop KL-Singapore #HSR https://t.co/UBzfTElYZM https://t.…
756445148582518784	twitter	Malaysia, China, Australia to suspend hunt for MH370 after completing current search zone - Channel NewsAsia https://t.co/3wL3aM3OVZ
756445166664232960	twitter	RT @scoo_ps: CNA | IS-linked newspaper Al Fatihin to be prohibited in Singapore https://t.co/Yl81erTnjK #sgnews https://t.co/mIXLCs3DRr
756445184267657216	twitter	Malaysia, China, Australia to suspend hunt for MH370 after completing current search zone - Channel NewsAsia https://t.co/2inSas4TbZ
756445350433583104	twitter	[CNA] IS-linked newspaper Al Fatihin to be prohibited in Singapore https://t.co/tovPvz1DGc #SGnews
756445355701665792	twitter	[CNA] Japanese operators confident of winning bid to develop KL-Singapore High-Speed Rail https://t.co/NUY0ei9GYG #SGnews
756445415076167680	twitter	Nobody cares my career will be ruined, says Russia's Shubenkov https://t.co/WWP2dgDqg1
756445419069116417	twitter	GE profit beats estimates as power business revenue rises https://t.co/d0z4m0NgGe
756445422063788033	twitter	GE profit beats estimates as power business revenue rises: REUTERS: General Electric Co reported a better-tha... https://t.co/viQlgETW6B
756445422172921857	twitter	Olympics: 45 new doping failures from Beijing, London Games - IOC https://t.co/1Dsfpt9z5y
756445623117684736	twitter	Volkswagen to halt sales of most vehicles in South Korea amid emissions probe https://t.co/kwXzHbT8aG #UFO4UBlogAsia
756445623851687936	twitter	Japanese operators confident of winning bid to develop Singapore-Malaysia HSR https://t.co/CBRIv656AX #UFO4UBlogAsia
756445655724351489	twitter	Japanese operators confident of winning bid to develop KL-Singapore High-Speed Rail https://t.co/mfX9Aj52Uy
756445663911641088	twitter	By George, Britain's little prince is 3! https://t.co/Xy2WbJlvy7
756445664616280064	twitter	Nobody cares my career will be ruined, says Russia's Shubenkov https://t.co/yDoQeRWyZy
756445665165766656	twitter	GE profit beats estimates as power business revenue rises https://t.co/t18bnsFneV
756445665815920644	twitter	Olympics: 45 new doping failures from Beijing, London Games - IOC https://t.co/cvkuhmZiPx
756445673919172608	twitter	RT @ChannelNewsAsia: By George, Britain's little prince is 3! https://t.co/0DDDv6xLyW (??: @KensingtonRoyal) https://t.co/q2hGv19XBd
756445725710442497	twitter	RT @ChannelNewsAsia: By George, Britain's little prince is 3! https://t.co/0DDDv6xLyW (??: @KensingtonRoyal) https://t.co/q2hGv19XBd
756445732131905536	twitter	RT @ChannelNewsAsia: By George, Britain's little prince is 3! https://t.co/0DDDv6xLyW (??: @KensingtonRoyal) https://t.co/q2hGv19XBd
756445744190595072	twitter	Britain's economy wilting fast after Brexit vote, may prompt more spending https://t.co/C03Vo4hGsm #business #sg
756445746270990336	twitter	GE profit beats estimates as power business revenue rises https://t.co/SnSYSOyQy1 #business #sg
756445771604471808	twitter	RT @ChannelNewsAsia: Japanese Shinkansen operators confident of winning bid to develop KL-Singapore #HSR https://t.co/UBzfTElYZM https://t.…
756445919063617536	twitter	RT @ChannelNewsAsia: By George, Britain's little prince is 3! https://t.co/0DDDv6xLyW (??: @KensingtonRoyal) https://t.co/q2hGv19XBd
756445929507475459	twitter	RT @ChannelNewsAsia: Japanese Shinkansen operators confident of winning bid to develop KL-Singapore #HSR https://t.co/UBzfTElYZM https://t.…
756445996767322112	twitter	IS-linked newspaper Al Fatihin to be prohibited in Singapore - Channel NewsAsia https://t.co/EPBQgynARM
756446003876605952	twitter	Japanese operators confident of winning bid to develop KL-Singapore High-Speed Rail - Channel NewsAsia https://t.co/zewnlJeVoi
756446020418973696	twitter	IS-linked newspaper Al Fatihin to be prohibited in Singapore - Channel NewsAsia https://t.co/FT8pWmf9XJ
756446028526739456	twitter	Japanese operators confident of winning bid to develop KL-Singapore High-Speed Rail - Channel NewsAsia https://t.co/UfK2h2hZNK
756446041201717248	twitter	RT @ChannelNewsAsia: By George, Britain's little prince is 3! https://t.co/0DDDv6xLyW (??: @KensingtonRoyal) https://t.co/q2hGv19XBd
756446073145536512	twitter	45 new doping failures from Beijing, London #Olympics https://t.co/gjeWHjO7yS https://t.co/Vqh7cFsBDF
756446221871439872	twitter	RT @ChannelNewsAsia: Those caught possessing, distributing IS-linked Al Fatihin paper in S'pore risk jail/fine https://t.co/818PSvJhBd http…
756446247075000320	twitter	IS-linked newspaper Al Fatihin to be prohibited in Singapore - Channel NewsAsia https://t.co/1G4D8783ok
756446262107500544	twitter	RT @ChannelNewsAsia: 45 new doping failures from Beijing, London #Olympics https://t.co/gjeWHjO7yS https://t.co/Vqh7cFsBDF
756446276477030400	twitter	IS-linked newspaper Al Fatihin to be prohibited in Singapore - Channel NewsAsia https://t.co/xfZ9rXkcOQ
756446419276312577	twitter	RT @ChannelNewsAsia: By George, Britain's little prince is 3! https://t.co/0DDDv6xLyW (??: @KensingtonRoyal) https://t.co/q2hGv19XBd
756446580941524992	twitter	RT @ChannelNewsAsia: #1MDB: @WhiteHouse urges Malaysia to show good governance, transparent business climate https://t.co/t2kDfUGARK https:…
756446634154729473	twitter	RT @ChannelNewsAsia: Japanese Shinkansen operators confident of winning bid to develop KL-Singapore #HSR https://t.co/UBzfTElYZM https://t.…
756446732532068355	twitter	IS-linked newspaper Al Fatihin to be prohibited in Singapore - Channel NewsAsia https://t.co/ZE0oOL3HiA
756446737863094272	twitter	#OpenFollow IS-linked newspaper Al Fatihin to be prohibited in Singapore - Channel NewsAsia https://t.co/79Aiet0wRe #Singapore
756446755365937156	twitter	#OpenFollow IS-linked newspaper Al Fatihin to be prohibited in Singapore - Channel NewsAsia https://t.co/13kCwVGCMH #Singapore
756446816166486017	twitter	AIYA SO BIG ALREADY CUTIE :') https://t.co/GS4chyurKK
756447041639763968	twitter	RT @ChannelNewsAsia: Japanese Shinkansen operators confident of winning bid to develop KL-Singapore #HSR https://t.co/UBzfTElYZM https://t.…
756447072161632256	twitter	RT @ChannelNewsAsia: Japanese Shinkansen operators confident of winning bid to develop KL-Singapore #HSR https://t.co/UBzfTElYZM https://t.…
756447149903130625	twitter	RT @ChannelNewsAsia: By George, Britain's little prince is 3! https://t.co/0DDDv6xLyW (??: @KensingtonRoyal) https://t.co/q2hGv19XBd
756447207725764608	twitter	RT @ChannelNewsAsia: By George, Britain's little prince is 3! https://t.co/0DDDv6xLyW (??: @KensingtonRoyal) https://t.co/q2hGv19XBd
756447282271223808	twitter	Nobody cares my career will be ruined, says Russia's Shubenkov https://t.co/tdGWgfYnTR
756447284351627264	twitter	GE profit beats estimates as power business revenue rises https://t.co/n97hE04Uap
756447286163546112	twitter	Olympics: 45 new doping failures from Beijing, London Games - IOC https://t.co/WDcqZPsJ9i
756447331818635264	twitter	Nobody cares my career will be ruined, says Russia's Shubenkov https://t.co/mv1LYlGJoe
756447334859431936	twitter	GE profit beats estimates as power business revenue rises https://t.co/chRlphyamP
756447336822349825	twitter	Olympics: 45 new doping failures from Beijing, London Games - IOC https://t.co/B1PVTrrIjT
756447372134064128	twitter	RT @ChannelNewsAsia: By George, Britain's little prince is 3! https://t.co/0DDDv6xLyW (??: @KensingtonRoyal) https://t.co/q2hGv19XBd
756447415197020160	twitter	GM, Isuzu to end pick-up truck development partnership: General Motors Co  and Isuzu Motor Co  have agreed to... https://t.co/KOWFfez7DZ
756447550794858496	twitter	ChannelNewsAsia: 45 new doping failures from Beijing, London #Olympics https://t.co/9YVKLXVfGN https://t.co/49cbf0tfjU
756447683041071104	twitter	PUB officer charged with cheating: SINGAPORE: A technical officer with PUB was charged on Friday (Jul 22) for... https://t.co/8mevUE7Csv
756447692952174593	twitter	RT @ChannelNewsAsia: ASEAN kicks off first talks since #SouthChinaSea ruling https://t.co/YJTygfP4ZX https://t.co/5cg21yRJ8b
756447722803191809	twitter	RT @GiumanLuca: Newly developed wheel converts any bicycle into an electric vehicle https://t.co/HtIwvJueBy
756447746719047680	twitter	dlvr -  Nobody cares my career will be ruined, says Russia's Shubenkov https://t.co/0RgWkQHgOy
756447748941950976	twitter	Nobody cares my career will be ruined, says Russia's Shubenkov https://t.co/OxIRshAI1n
756447749776617472	twitter	dlvr -  GE profit beats estimates as power business revenue rises https://t.co/p16QVwpWCo
756447757733285888	twitter	GE profit beats estimates as power business revenue rises https://t.co/u1jzh66JwE
756447757825519616	twitter	dlvr -  Olympics: 45 new doping failures from Beijing, London Games - IOC https://t.co/FMnACnfzoH
756447767417933824	twitter	Olympics: 45 new doping failures from Beijing, London Games - IOC https://t.co/O1NWIgLjHH
756447882547453952	twitter	CNA: Olympics: 45 new doping failures from Beijing, London Games - IOC https://t.co/EB656khmkX
756448078538735616	twitter	RT @ChannelNewsAsia: By George, Britain's little prince is 3! https://t.co/0DDDv6xLyW (??: @KensingtonRoyal) https://t.co/q2hGv19XBd
756448089079095296	twitter	wah the snow so chio  https://t.co/qt4ochTZv7
756448181395881984	twitter	#Guam #Agana #Tamuning Indian air force plane goes missing with 29 on board https://t.co/V7F0MUkqlS
756448185502015489	twitter	#Guam #Agana #Tamuning Japanese operators confident of winning bid to develop Singapore-Malaysia HSR https://t.co/UMHDXq6IfU
756448351185358848	twitter	45 new doping failures from Beijing, London Olympics: IOC https://t.co/2ij6x4Fw8A
756448650235043840	twitter	RT @ChannelNewsAsia: 45 new doping failures from Beijing, London #Olympics https://t.co/gjeWHjO7yS https://t.co/Vqh7cFsBDF
756448694551969793	twitter	Nobody cares my career will be ruined, says Russia's Shubenkov https://t.co/aaSf31smxH
756448697249128448	twitter	GE profit beats estimates as power business revenue rises https://t.co/jsDrN69CCF
756448698821963776	twitter	Olympics: 45 new doping failures from Beijing, London Games - IOC https://t.co/LKyeGRTRUc
756448713845899264	twitter	Nobody cares my career will be ruined, says Russia's Shubenkov https://t.co/aaSf31aLG9
756448767319109633	twitter	Britain's economy wilting fast after Brexit vote, may prompt more spending https://t.co/zbLVPn4gU4
756448992888705024	twitter	RT @zenjournalist: Coverage by Singapore TV news station Channel NewsAsia  https://t.co/OJWq54t5Eg
756449085305999361	twitter	PUB officer accused of misleading colleagues to award almost S$2m to his own companies https://t.co/tvA2wRPQEI https://t.co/1Cu2Sweeic
756449255976493056	twitter	[CNA] PUB officer charged with cheating https://t.co/6zxvexDnal #SGnews
756449519076651008	twitter	RT @ChannelNewsAsia: By George, Britain's little prince is 3! https://t.co/0DDDv6xLyW (??: @KensingtonRoyal) https://t.co/q2hGv19XBd
756449597095051264	twitter	PUB officer charged with cheating https://t.co/MHt6tXjUBT #singapore
756449709632393216	twitter	My review of Trump's speech, and preview of #DNCinPHL coming up at 7:30 on @primetimeasia @ChannelNewsAsia live from Cleveland.
756449754825928705	twitter	IS-linked newspaper Al Fatihin to be prohibited in Singapore: The Ministry of Communications and Information says… https://t.co/7HUurpnQt5
756449760706371584	twitter	Japanese operators confident of winning bid to develop KL-Singapore High-Speed Rail: The Shinkansen's (bullet… https://t.co/gngnNjIpQQ
756449766112755712	twitter	PUB officer charged with cheating: Mohamed Sa’ad Mohamed Ali allegedly misled his colleagues into approving… https://t.co/o4tYdss5dS
756449777479409668	twitter	Britain's economy wilting fast after Brexit vote, may prompt more spending https://t.co/fatL8EmLSb
756449782982377472	twitter	RT @SimonMarksFSN: My review of Trump's speech, and preview of #DNCinPHL coming up at 7:30 on @primetimeasia @ChannelNewsAsia live from Cle…
756449783003410432	twitter	RT @SimonMarksFSN: My review of Trump's speech, and preview of #DNCinPHL coming up at 7:30 on @primetimeasia @ChannelNewsAsia live from Cle…
756449786132254722	twitter	Nobody cares my career will be ruined, says Russia's Shubenkov https://t.co/OLOrm5B32P
756449792360787968	twitter	GE profit beats estimates as power business revenue rises https://t.co/6fpQ7DjNxn
756449799709175808	twitter	45 new doping failures from Beijing, London Olympics: IOC https://t.co/BC3x3vCy3a
756449805946068992	twitter	New pictures released as Britain's Prince George marks 3rd birthday https://t.co/fs6ysNihHJ
756449813030248448	twitter	PUB officer charged with cheating https://t.co/ouUwcSqQ9B
756449933998206976	twitter	RT @ChannelNewsAsia: By George, Britain's little prince is 3! https://t.co/0DDDv6xLyW (??: @KensingtonRoyal) https://t.co/q2hGv19XBd
756450124197310464	twitter	RT @ChannelNewsAsia: By George, Britain's little prince is 3! https://t.co/0DDDv6xLyW (??: @KensingtonRoyal) https://t.co/q2hGv19XBd
756450473301962752	twitter	Newly developed wheel converts any bicycle into an electric vehicle https://t.co/0mXbEunlY4
756450558014132227	twitter	RT @ChannelNewsAsia: By George, Britain's little prince is 3! https://t.co/0DDDv6xLyW (??: @KensingtonRoyal) https://t.co/q2hGv19XBd
756450675765026816	twitter	RT @ChannelNewsAsia: Japanese Shinkansen operators confident of winning bid to develop KL-Singapore #HSR https://t.co/UBzfTElYZM https://t.…
756450994100248576	twitter	ChannelNewsAsia: PUB officer accused of misleading colleagues to award almost S$2m to his own companies … https://t.co/9t5e7u9XbW
756451116049498112	twitter	RT @SimonMarksFSN: My review of Trump's speech, and preview of #DNCinPHL coming up at 7:30 on @primetimeasia @ChannelNewsAsia live from Cle…
756451134521442304	twitter	Man arrested for employment scam https://t.co/5MN2lCZrJj
756451209477709824	twitter	IS-linked newspaper Al Fatihin to be prohibited in Singapore - Channel NewsAsia https://t.co/INeiiNDc7k
756451239487864832	twitter	https://t.co/t90OoMXjNE Long queues at Michelin-starred hawker stalls #Follow4Follow #ilovesingapore #lovesingapore #FollowBack #singapore
756451322241519617	twitter	By George, Britain's little prince is 3! https://t.co/jX4HJRoxfC
756451323080380416	twitter	Japanese operators confident of winning bid to develop KL-Singapore High-Speed Rail https://t.co/mFp08EemfY
756451323810230273	twitter	Nobody cares my career will be ruined, says Russia's Shubenkov https://t.co/dVguuBeK5l
756451324753960960	twitter	GE profit beats estimates as power business revenue rises https://t.co/Wc7uWZ2oS2
756451325466988545	twitter	Olympics: 45 new doping failures from Beijing, London Games - IOC https://t.co/yiQnuuxASN
756451360858529792	twitter	Two Singapore hawker stalls awarded Michelin stars #FoodWorldOrder https://t.co/cZuusWOUZv
756451383126007808	twitter	RT @ChannelNewsAsia: By George, Britain's little prince is 3! https://t.co/0DDDv6xLyW (??: @KensingtonRoyal) https://t.co/q2hGv19XBd
756451520153997314	twitter	RT @ChannelNewsAsia: Japanese Shinkansen operators confident of winning bid to develop KL-Singapore #HSR https://t.co/UBzfTElYZM https://t.…
756451550965268480	twitter	FDA raises concerns over Valeant's eye drop https://t.co/kVEXf2o4A5 #ALGO #Trending https://t.co/cQsDGPL9a4
756451819430088704	twitter	RT @ChannelNewsAsia: Those caught possessing, distributing IS-linked Al Fatihin paper in S'pore risk jail/fine https://t.co/818PSvJhBd http…
756452021306134528	twitter	@AMuslimRozlan @ChannelNewsAsia me too!!!
756452056009801728	twitter	New pictures released as Britain's Prince George marks 3rd birthday https://t.co/6CpD1foomE #enews #Trending https://t.co/1jiCoj5HQZ
756452182191251456	twitter	IOC announces 45 failed tests from Beijing and London: REUTERS: Forty-five athletes have failed dope tests af... https://t.co/ckSBvueQox
756452289078931457	twitter	Japanese operators confident of winning bid to develop KL-Singapore High-Speed Rail https://t.co/zalueHzKWF
756452290744254464	twitter	#Asia Global stocks fall, UK PMIs flash Brexit recession warning https://t.co/n1qCtrHMl7
756452300856651776	twitter	45 new doping failures from Beijing, London Olympics: IOC https://t.co/UCoRx7Jmx7
756452304472113152	twitter	IOC announces 45 failed tests from Beijing and London https://t.co/zbjXpbvIaS
756452318284017664	twitter	PUB officer charged with cheating https://t.co/Ye93Qjalu6
756452320251092992	twitter	Global stocks fall, UK PMIs flash Brexit recession warning https://t.co/17djfSmJX8
756452388098174976	twitter	PUB officer charged with cheating https://t.co/4VnKdHjGDU
756452539894108161	twitter	IS-linked newspaper Al Fatihin to be prohibited in Singapore https://t.co/B5K1iaXJhX
756452731057868803	twitter	RT @ChannelNewsAsia: By George, Britain's little prince is 3! https://t.co/0DDDv6xLyW (??: @KensingtonRoyal) https://t.co/q2hGv19XBd
756452741195587584	twitter	RT @ChannelNewsAsia: By George, Britain's little prince is 3! https://t.co/0DDDv6xLyW (??: @KensingtonRoyal) https://t.co/q2hGv19XBd
756452959232204800	twitter	RT @ChannelNewsAsia: Those caught possessing, distributing IS-linked Al Fatihin paper in S'pore risk jail/fine https://t.co/818PSvJhBd http…
756453000114114560	twitter	[CNA] Japanese operators confident of winning bid to develop KL-Singapore High-Speed Rail: The Shinkansen's (... https://t.co/Fn8XhqpglO
756453000869064704	twitter	[CNA] PUB officer charged with cheating: Mohamed Sa’ad Mohamed Ali allegedly misled his colleagues into appro... https://t.co/YDbHOxjwEl
756453007756185601	twitter	[News] IS-linked newspaper Al Fatihin to be prohibited in Singapore https://t.co/mcFHMqlXV7
756453008670470145	twitter	[News] Japanese operators confident of winning bid to develop KL-Singapore High-Speed Rail https://t.co/cDSuzmAxOy
756453009370906624	twitter	[News] PUB officer charged with cheating https://t.co/6yjvaxRW1c
756453020062326784	twitter	45 new doping failures from Beijing, London Olympics: IOC https://t.co/S6RzV4b80A
756453020443959296	twitter	DTN Singapore: IS-linked newspaper Al Fatihin to be prohibited in Singapore: The Ministry of Communications a... https://t.co/zoh67V6fra
756453021521883138	twitter	DTN Singapore: Japanese operators confident of winning bid to develop KL-Singapore High-Speed Rail: The Shink... https://t.co/PU3CVODm0Z
756453021735870464	twitter	New pictures released as Britain's Prince George marks 3rd birthday https://t.co/hOZ6oLlOZT
756453022297763840	twitter	DTN Singapore: PUB officer charged with cheating: Mohamed Sa’ad Mohamed Ali allegedly misled his colleagues i... https://t.co/w6bDfN3kqc
756453023434637312	twitter	PUB officer charged with cheating https://t.co/j0AkApwyoe
756453024667607040	twitter	DTN Singapore: IS-linked newspaper Al Fatihin to be prohibited in Singapore: The Ministry of Communications a... https://t.co/FIWhIvxFfu
756453024839663616	twitter	IOC announces 45 failed tests from Beijing and London https://t.co/XoLU9CLlH0
756453025439375360	twitter	DTN Singapore: Japanese operators confident of winning bid to develop KL-Singapore High-Speed Rail: The Shink... https://t.co/MlYaBooIJC
756453026173300736	twitter	DTN Singapore: PUB officer charged with cheating: Mohamed Sa’ad Mohamed Ali allegedly misled his colleagues i... https://t.co/EXE2cOaV6J
756453026290860032	twitter	Liverpool sign veteran goalkeeper Manninger https://t.co/BfDBCJY9M6
756453027960193024	twitter	Libyan forces claim gains in fierce fighting against IS in Sirte https://t.co/fME7qrh0kM
756453029814165504	twitter	France to send heavy weapons to Iraq - Hollande https://t.co/pEyAkc0nsf
756453030338310144	twitter	NewsInSG: PUB officer charged with cheating: Mohamed Sa’ad Mohamed Ali allegedly misled his collea... https://t.co/bj0epZH8kF #Singapore
756453032280326148	twitter	Former Bosnian Serb leader Karadzic appeals genocide conviction https://t.co/jLAJ2u8Pha
756453032355696640	twitter	PUB officer charged with cheating: Mohamed Sa’ad Mohamed Ali allegedly misled his colleagues into approving p... https://t.co/KvkQvrPafd
756453035241459712	twitter	PUB officer charged with cheating: Mohamed Sa’ad Mohamed Ali allegedly misled his colleagues into approving p... https://t.co/ZQ3XyIFYVd
756453055403397121	twitter	IS-linked newspaper Al Fatihin to be prohibited in Singapore https://t.co/9rnhjBD7Al
756453061980061696	twitter	Japanese operators confident of winning bid to develop KL-Singapore High-Speed Rail https://t.co/Sq3jtHrChO
756453071257870336	twitter	PUB officer charged with cheating https://t.co/8dWG1OnWQS
756453091315060736	twitter	RT @ChannelNewsAsia: By George, Britain's little prince is 3! https://t.co/0DDDv6xLyW (??: @KensingtonRoyal) https://t.co/q2hGv19XBd
756453258969747456	twitter	NEWS: France to send heavy weapons to Iraq - Hollande https://t.co/qDpBtBIdwf https://t.co/NK9831mssu
756453264476868608	twitter	PUB officer charged with cheating https://t.co/lR5wAvI19K
756453265164820480	twitter	NEWS: Former Bosnian Serb leader Karadzic appeals genocide conviction https://t.co/OpUzBu166h https://t.co/mgcMbis70o
756453266674724864	twitter	France to send heavy weapons to Iraq - Hollande https://t.co/yeXNnhpsqT
756453268457332736	twitter	Former Bosnian Serb leader Karadzic appeals genocide conviction https://t.co/Xx1ZEfRk5X
756453842238058497	twitter	Yes please https://t.co/se6LN3lrcm
756453878435028992	twitter	RT @AdanamTech: Ex-Google engineer launches blockchain-based system for banks https://t.co/evX0dDyQM9
756453997045841924	twitter	Now in Asia: Global stocks fall, UK PMIs flash Brexit recession warning https://t.co/g08BFseLXt
756454151618371584	twitter	RT @ChannelNewsAsia: Japanese Shinkansen operators confident of winning bid to develop KL-Singapore #HSR https://t.co/UBzfTElYZM https://t.…
756454156261396480	twitter	RT @chelle_yesudas: seriously malu sampai nak nangis. this is literally the swiss saying "this is why you cant have our nice things" https:…
756454534646562820	twitter	Just Happened in Asia: Global stocks fall, UK PMIs flash Brexit recession warning https://t.co/g08BFseLXt
756454558121988096	twitter	45 new doping failures from Beijing, London Olympics: IOC https://t.co/SFr4IlnjZO
756454561225859072	twitter	New pictures released as Britain's Prince George marks 3rd birthday https://t.co/0x9yf8IpeX
756454562886782977	twitter	PUB officer charged with cheating https://t.co/fhw2EPMS9K
756454564421853184	twitter	IOC announces 45 failed tests from Beijing and London https://t.co/IpwGuYjlUt
756454566107967488	twitter	Liverpool sign veteran goalkeeper Manninger https://t.co/VOofenYOV6
756454567659900928	twitter	Libyan forces claim gains in fierce fighting against IS in Sirte https://t.co/BJqpVbG6W5
756454569689964544	twitter	France to send heavy weapons to Iraq - Hollande https://t.co/FFQD3eXe9K
756454571908751360	twitter	Former Bosnian Serb leader Karadzic appeals genocide conviction https://t.co/zpzQIw0al4
756454580859174912	twitter	Former Bosnian Serb leader Karadzic appeals genocide conviction: AMSTERDAM: The former Bosnian Serb leader Ra... https://t.co/iAuZHLIyt1
756454885797797888	twitter	45 new doping failures from Beijing, London Olympics: IOC https://t.co/yWbEEIq9vj
756454887697833984	twitter	New pictures released as Britain's Prince George marks 3rd birthday https://t.co/wAN1dEXgUv
756454888922636288	twitter	PUB officer charged with cheating https://t.co/wJVPEnSvbU
756454890050818048	twitter	IOC announces 45 failed tests from Beijing and London https://t.co/kkD4HwAQ9s
756454891124654080	twitter	Liverpool sign veteran goalkeeper Manninger https://t.co/FmDKQAF8RY
756454892689100806	twitter	Libyan forces claim gains in fierce fighting against IS in Sirte https://t.co/C8FiQTn5qA
756454893792157696	twitter	France to send heavy weapons to Iraq - Hollande https://t.co/Nvc29oAdQa
756454894819835904	twitter	Former Bosnian Serb leader Karadzic appeals genocide conviction https://t.co/ghoWiWbQQH
756455286353698816	twitter	#OpenFollow Japanese operators confident of winning bid to develop KL-Singapore High-Speed Rail -… https://t.co/rj0uRJMOwc #Singapore
756455336727285762	twitter	#OpenFollow Japanese operators confident of winning bid to develop KL-Singapore High-Speed Rail -… https://t.co/YmRNe9LtmX #Singapore
756455437118177280	twitter	45 new doping failures from Beijing, London Olympics: IOC https://t.co/KJviAPZ664
756455437873082368	twitter	IOC announces 45 failed tests from Beijing and London https://t.co/cM2BhME08G
756455439055872000	twitter	Liverpool sign veteran goalkeeper Manninger https://t.co/l8mtOIecbW
756455439932555264	twitter	Libyan forces claim gains in fierce fighting against IS in Sirte https://t.co/zR5ZFxfuBx
756455440679112704	twitter	PUB officer charged with cheating https://t.co/y04kTzIlz8
756455441287315456	twitter	France to send heavy weapons to Iraq - Hollande https://t.co/PKDlylvsz0
756455441937403904	twitter	Former Bosnian Serb leader Karadzic appeals genocide conviction https://t.co/VJrkBbctVN
756455708124667904	twitter	@SteveLaiCNA @SimonMarksFSN @primetimeasia @ChannelNewsAsia presumably the Hispanic, Muslim, female and Gay voters
756455800877350912	twitter	Apple to open first Apple Store in Taiwan - Channel NewsAsia https://t.co/aAbqvr1YyF
756455819147825153	twitter	Apple to open first Apple Store in Taiwan - Channel NewsAsia https://t.co/iNnTKRcPOP
756455881424904192	twitter	RT @AdanamTech: Ex-Google engineer launches blockchain-based system for banks https://t.co/evX0dDyQM9
756455925053923328	twitter	RT @ChannelNewsAsia: FIVE ON FRIDAY: Why @GenevieveLohCNA thinks you should watch Boo Junfeng’s Apprentice https://t.co/YKPvEh1bIg https://…
756455979269496832	twitter	RT @ChannelNewsAsia: ICA seizes more than 3,000 cartons of duty-unpaid cigarettes from 3 vehicles at Woodlands https://t.co/QA7ZDMS22j http…
756456042729398272	twitter	dlvr -  New pictures released as Britain's Prince George marks 3rd birthday https://t.co/OqaU0m8Ghx
756456046806179840	twitter	dlvr -  45 new doping failures from Beijing, London Olympics: IOC https://t.co/aMNiBBIWyc
756456049821884416	twitter	dlvr -  IOC announces 45 failed tests from Beijing and London https://t.co/FzsRVpwsrO
756456052455907330	twitter	dlvr -  Liverpool sign veteran goalkeeper Manninger https://t.co/RXE857C3Gm
756456057593995264	twitter	dlvr -  Libyan forces claim gains in fierce fighting against IS in Sirte https://t.co/00DLGSYMEs
756456066838175744	twitter	dlvr -  PUB officer charged with cheating https://t.co/7zmuC68EmM
756456070654988288	twitter	dlvr -  France to send heavy weapons to Iraq - Hollande https://t.co/VvGCQjeX1a
756456073653915648	twitter	dlvr -  Former Bosnian Serb leader Karadzic appeals genocide conviction https://t.co/6etBtWtxSX
756456185750925312	twitter	France to send heavy weapons to Iraq - Hollande https://t.co/lEeACEPjBV
756456187793596416	twitter	Former Bosnian Serb leader Karadzic appeals genocide conviction https://t.co/dNtnW2QDUC
756456197444763649	twitter	Libyan forces claim gains in fierce fighting against IS in Sirte https://t.co/R0LjVgFwgB
756456216147202048	twitter	Liverpool sign veteran goalkeeper Manninger https://t.co/fsxDkBeDhj
756456284745035781	twitter	New pictures released as Britain's Prince George marks 3rd birthday https://t.co/C00Z0fHi90
756456297617321984	twitter	France to send heavy weapons to Iraq - Hollande https://t.co/95vyOgAAYh
756456300989513728	twitter	Former Bosnian Serb leader Karadzic appeals genocide conviction https://t.co/HnVwcZ11gf
756456588672507904	twitter	Karadzic appeals 40-year genocide sentence https://t.co/Cj6hIdiY9a
756456733573132288	twitter	RT @MediShield15: PAP @VivianBala, you'd better stop playing with Java & work harder to promote the economy of #Singapore & ASEAN! https://…
756456855954530304	twitter	Queen Elizabeth's dresses on show to mark 90th birthday https://t.co/q91c5Q5fdi
756456863437205504	twitter	RT @MediShield15: Gan Kim Yong, this doesn't justify you from stealing $300-700 from each #Medisave on 9Aug2015= amount to $Billions! https…
756456865186185216	twitter	DTN Singapore: Nobody cares my career will be ruined, says Russia's Shubenkov: Sergey Shubenkov, the 110m hur... https://t.co/2LQ8kR3Tk5
756456866385842180	twitter	DTN Singapore: Rashid ignored, England bat against Pakistan at Old Trafford: England captain Alastair Cook wo... https://t.co/OSuJDFh4FY
756456868927541248	twitter	DTN Singapore: 45 new doping failures from Beijing, London Olympics: IOC: "Reanalysis of the second wave of s... https://t.co/Y54QB8qSKr
756456869674168320	twitter	DTN Singapore: IOC announces 45 failed tests from Beijing and London: Forty-five athletes have failed dope te... https://t.co/DbHFD1h3D6
756456870668226560	twitter	DTN Singapore: Liverpool sign veteran goalkeeper Manninger: Liverpool have signed veteran goalkeeper Alex Man... https://t.co/rQD2OS1zzY
756457035021950977	twitter	110 suspected drug offenders rounded up by CNB in 11-day crackdown https://t.co/nVXgPfwzVD https://t.co/N8Lv1YdLjJ
756457037978927104	twitter	Zimbabwe war veterans turn on 'dictator' Mugabe, exposing rifts https://t.co/W0J3to3b9T umm.. smells like the empire.
756457044769583104	twitter	RT @MediShield15: Really care? PAP, your #MediShieldLife is now 24/7 trying to have "Demand Note, Fine, Suit & Jail" impose on them!  https…
756457197932904449	twitter	Man arrested for producing counterfeit S$50 and S$100 notes https://t.co/51XPEBeG0x #Singapore
756457256019894272	twitter	RT @MediShield15: #Balakrishnan, stop hiding at home & play Java! You should make #Singapore top destination for investors instead! https:/…
756457283937198080	twitter	RT @MediShield15: You decide if @leehsienloong is corrupted! $300-700 stolen from each #Medisave A/c on #SG50 (#MSH)!Unknown Coverage! http…
756457320612147204	twitter	110 suspected drug offenders rounded up by CNB https://t.co/CMIZuyGh6l
756457452447510528	twitter	RT @ChannelNewsAsia: Hawkers in Singapore taste #MichelinStar fame https://t.co/bxMoARecjr #michelinguidesg https://t.co/2wVyrMA9Tc
756457527039057924	twitter	Blood, sweat and tears fuel a Belarussian gymnast's Olympic dream https://t.co/wnCNe2fccn
756457660468244481	twitter	IS-linked newspaper Al Fatihin to be prohibited in Singapore  Looks like a good rule to have. https://t.co/xo0K24bes7
756457670744301569	twitter	Commentary: Why China must charm ASEAN again https://t.co/Bcc9IYLfaU
756458045006225408	twitter	Trump launches Clinton election showdown https://t.co/5svs4HHTW6
756458118674980864	twitter	RT @ChannelNewsAsia: 110 suspected drug offenders rounded up by CNB in 11-day crackdown https://t.co/nVXgPfwzVD https://t.co/N8Lv1YdLjJ
756458160215298048	twitter	RT @LoveSpore1965: .@mediacorp .@ChannelNewsAsia .@ch8newsSG Can you please arrange Margaret Lim on TV, we want to see her face.Thanks. htt…
756458342789152768	twitter	South China Sea showdown, joint communique or no? ASEAN foreign ministers gather in Vientiane post-Hague ruling https://t.co/AOrF5xZEvS
756458451581095936	twitter	RT @ChannelNewsAsia: Those caught possessing, distributing IS-linked Al Fatihin paper in S'pore risk jail/fine https://t.co/818PSvJhBd http…
756458525241450496	twitter	RT @ChannelNewsAsia: Hawkers in Singapore taste #MichelinStar fame https://t.co/bxMoARecjr #michelinguidesg https://t.co/2wVyrMA9Tc
756458528307544064	twitter	Swiss seize van Gogh, Monet paintings in 1MDB case. https://t.co/PrMQTVDPGk
756458529465180160	twitter	RT @mikeflache: From reel to real life: Star Trek tech that could turn into reality https://t.co/r6bvVzzr2o #technology #tech #innovation
756458586264526848	twitter	ChannelNewsAsia: 110 suspected drug offenders rounded up by CNB in 11-day crackdown https://t.co/XptuyECakw https://t.co/w55fDVMlCv
756458691289755648	twitter	RT @ChannelNewsAsia: 110 suspected drug offenders rounded up by CNB in 11-day crackdown https://t.co/nVXgPfwzVD https://t.co/N8Lv1YdLjJ
756458764312596480	twitter	RT @ChannelNewsAsia: 110 suspected drug offenders rounded up by CNB in 11-day crackdown https://t.co/nVXgPfwzVD https://t.co/N8Lv1YdLjJ
756459051643342848	twitter	Britain's economy wilting fast after Brexit vote, may prompt more spending: Britain's economy is shrinking, t... https://t.co/DXdiw4vaGO
756459053434347520	twitter	GE profit beats estimates despite slow, volatile economy: General Electric Co  on Friday reported a sharp ris... https://t.co/jRhvyjVG1y
756459057062350849	twitter	#singapore #news Britain's economy wilting fast after Brexit vote, may prompt more spending: Britai... https://t.co/vU3jwgV7iV #business
756459057846755329	twitter	#singapore #news GE profit beats estimates despite slow, volatile economy: General Electric Co  on ... https://t.co/lJuyv5GCRZ #business
756459064909889537	twitter	DTN Singapore: Britain's economy wilting fast after Brexit vote, may prompt more spending: Britain's economy ... https://t.co/SbzVXpILkP
756459138172026881	twitter	https://t.co/gsMwtbsIbD Long queues at Michelin-starred hawker stalls
756459222364151808	twitter	RT @ChannelNewsAsia: JUST IN: #DonaldTrump formally accepts Republican nomination to become President of the US https://t.co/oGJp072Qsb htt…
756459515432828942	twitter	Man arrested for producing counterfeit S$50 and S$100 notes - Channel NewsAsia https://t.co/BFmpZPU9SZ #sgbreaking… https://t.co/rUDy6jY211
756459908011290624	twitter	110 suspected drug offenders rounded up by CNB https://t.co/e7XVaOy1j1
756459910850904064	twitter	Man arrested for producing counterfeit S$50 and S$100 notes https://t.co/7J1QBOJu5M
756459913530970113	twitter	Trump launches Clinton election showdown https://t.co/zwSz2a8Adj
756459993595981824	twitter	Singapore signs deal to help develop Sri Lanka's Western Region https://t.co/dFMrI7P8f7
756459997815529472	twitter	110 suspected drug offenders rounded up by CNB https://t.co/JuHMK9JRuX
756460000344698880	twitter	Man arrested for producing counterfeit S$50 and S$100 notes https://t.co/rmlauB3fZX
756460038563082240	twitter	Good Job ?????? https://t.co/wWOp7itiGK
756460069726715905	twitter	Trump launches Clinton election showdown https://t.co/lyfSc4kXdQ https://t.co/6ktI8eOv3q
756460080929701888	twitter	Zimbabwe war veterans turn on 'dictator' Mugabe, exposing rifts https://t.co/yoV2B6u4O8 https://t.co/XN2ByecTRK