7.19671E+17	Need a Smart option for your next hotel stay? We have one for you! Book a hotel on SmartBuy with your HDFC Bank Debit & Credit Cards and enjoy Rs 1000 off*. Use code: STAYHDFC T&C apply. To know more visit: bit.ly/HDFC_SBHotels
7.1974E+17	WORST BANK
7.19799E+17	Kya aap mujhe saudi ke kisi contect person ke number de sakte he taki me usse contect kar saku
7.19808E+17	Please help me Online recharge krne pr confirmation sms aata hai ya nhi please muje btaeye
7.19913E+17	Yadi aata hai to recharge krne k turant aata hai ya tym lgta plz Mera help kijiye aur muje advise dijiye
7.19915E+17	F**king customer service Have done a FD with HDFC but now feeling what I did it was wrong Its really hard to manage with HDFC.. Zero out of 10000000000
7.19955E+17	Revolutionary International web based mobile business work from home zero investment 100% legal business 100% pure income work on fb & whatsapp only work only 30 minutes a day instant withdrawal of earning earn monthly 15,000 to 50,000 for this business you need only smartphone & Net income ?1. Online Recharge 2. online 3. online 4. 5. bonus 6. upto seven levels below. , fb & Business 1. Install champcash app. From playstore2. sign up3. Refer id of sponsor- 319198 .. 4. In their some task which you must complete 5. And start earning unlimited6.complete the challenge to start business. Install, open and register in the apps."Important"Refer id of sponsor : 319198you remember this id after installing champcash app ok any queries so plz contact my whattsup number 88722-61007 .......JAI HIND ...
7.19958E+17	12 6000 15000 india CA networking platform android android play store app champ cash app app sponsor code : 2012161 id id task app app 2 3 task $1 dollar champ cash wallet friends invite friends id task $0.300 dollar invite 7 champ cash Sponsor code 2012161 students, housewife, old man , etc
7.19959E+17	Free free free free free free free free free free free free free free free free free free free free android 7 9 application install 80 100 MB Data 100% Join install Champcash earn money Singhup = Name = Email address = password = Date of birth = Mobile no. Proceed sponsor ID Refer id 1654160 Submit ***** Challenge Challenge complete 7 9 apps install 2 Challenge Champcash wallet 1 (62) refer id MLM (multi level marketing) sponsor ID Challnge Challnge 50% Champ Cash 30 Challnge 10% income income 7 *** * Withdrawal 2 option 1 withdrawal 2 Champcash Flipkart , Amazon , Snapdeal , Shopclues , Paytm Champcash Tieup Champcash commission Commission paytm Electricity commission (62) ***** 1 10 10 10 1010=100 10010=1000 100010=10000 1000010=100000 10000010=1000000 100000010=10000000 1000000010=100000000 7 10 10 Join Download install https://m.apkpure.com/by/com.ens.champcash Champcash Whtsapp Digital India Call & Whtsapp: 8986825256
7.19967E+17	PART TIME JOB Rs.15000 - 50000 ....... DIGITAL INDIA ......ZERO INVESTMENT.... JOIN PLAYSTORE CHAMPCASH app install ! app click sign up click . SPONSOR ID 1098052 Complete "CHALLENGE" aur apna id activate karke business se jud jao...... .....
7.19976E+17	PART TIME JOB Rs.15000 - 50000 ....... DIGITAL INDIA ......ZERO INVESTMENT.... JOIN PLAYSTORE CHAMPCASH app install ! app click sign up click . SPONSOR ID 1132904 , Complete "CHALLENGE" aur apna id activate karke business se jud jao. ..... ..... "IMPORTANT " Sponcer id 1132904 ise khali page pe likh le is ki ap ko aage bi jrurat pedegi
7.20032E+17	RS 2000 se 50000/ .and more... Advertising . android ... ... ... whatsApp no. (+919649593320) "Join" send .join this work& change your life..
7.20034E+17	... .... Digital India... 20 .... -- ..... mission .. ( )...Join WhatsApp .. Whatsapp no. (9021272809)
7.20037E+17	:- ONLINE SHOPPING !! !! !! ..!! , , ..? , ONLINE SHOPPING // / / / CHAMPCASH JOIN CHAMPCASH SYSTEM Champcash ..?? CHAMPCASH SHOPPING (TIEUP) :-1.FLIPKART 2. PAYTM3. AMAZON4. MAKEMYTRIP5. DOMINOS PIZZA6. JABONG7. Airtel8. Printvenue9.Shopclues10.Snapdeal shopping CHAMPCASH EXTRA COMMISSION 7% 7 LEVAL 7LEVAL PERSON CHAMPCASH JOIN PERSON ID PERSON JOIN UNLIMITED PERSONS JOIN SHOPPING 7 LEVAL INCOME 1 CHAMPCASH through 1 person 1 RS. 1000/- CHAMPCASH option Champcash Join MAKE IN INDIA INDIA CAMPCASH INCOME Facebook, Whatsapp UNLIMITED PERSON JOIN JOINING 1$ (62) Android Mobile Google Play Store Champcash APP install CLICK https://champcash.com/113873Registration NAME E-Mail ID PASSWORDDATE OF BIRTH MOBILE NO.SPONSER ID 113873 (8-10 apps Install 2-3 ) ID INCOME ACTIVE 7 1 A A B A 50% B C A 10% C D A 10% D E A 10% E F A 5% F G A 5% 7 Income 1 For More Information MyWhatsApp 9694326440
7.20037E+17	Digital India RS 15000-50000/ .100% Free register Hai Advertising android ... whatsApp no. (+918093570619) "JOIN" send .join this job & change your life.... ( Download champcash app and enter Sponsor id 2076157.
7.20037E+17	Online earning revolution ...download Champcash frm playstore wid d help of sponsor id 1392123 ....complete d task by just downloading few other renowned shopping apps ...open each app for few minutes ...ur own id get activated ...refer others to do d same at ur own id n get income upto seven levels .....world 's first government authorised company give dis opportunity to all android mobile users ...100 percenr reliable , investment- free excellent online earning revolution of digital India ....get it done soon n start earning real gud money....more details 9999318727
7.20039E+17	online job 10,000 50,000 android mobile ( ) 247 NEFT android @f01. play store |2. champcash apps instal !3. apps click sing up with champcash click 4. saponser (Refer) id 2045575 id !6. id join chalange join total 7 level WhatsApp -: 09711484925Name - monu
7.20041E+17	whatsapp 7 1 Pls note: Multi Level Marketing CHAMPCASHREGISTRATION FREE7 Join ..1Champcash Application Google Play Store Install 2Signup with Champcash click Details 3Sponsor ID 1863166 ID ID 4Challenge Challenge 7 9 App App Download App 2 3 5 ID Active ID Unlimited 1 @f11 10 Join Earnings 300 Join . 10 10-10 Total 100 Earnings 600 100 10-10 join total 1000 Earnings 6,000 1000 10-10 Join Total 10,000 Earnings 60,000 10 10-10 Join Total 1 Earnings 6,00,000 1 10-10 Join Total 10 Earnings 30,00,000 10-10 Join Total 1 Earnings 1 Note:- 1 10 . 1 ~~ WhatsApp 7758800327Sponsor ID- 1863166 Www.champcash.com/1863166
7.20045E+17	Free Free Free Free 100% Free " " Android 10000 1 .. , 100% .. android @f2 1 play store | 2 Champcash install 3 champcash open , (sing up with champcash) click . 4 saponser id 1830370 id ! 5 Champcash id 7 10 apps Apps install . Apps install 2 -3 open , Appp install ... 7 10 Apps .... Apps install instructions , strictly follow ... 1$ 65 id active id | 6 id join challenge , join total 7 level Pesa Aayeg 1. Inviting income upto 7 level 2. Recharge income upto 7 level 3. Earn more income upto 7 level 4. Shopping income 5. Rank bonus income . , Champcash , Champcash , ... Champcash ....... ..Champcash Sponsor id 1830370 Whatapps -; 07891399250 Ak Baat Aur Dosto Apni id Bnate Smy Whatsap Number hi Dale Taki Hum Aap ki Help Kr Ske. Join this job & change your life Jay Sheri Ram
7.20046E+17	Want To Earn Extra Income, Running Out Of Money. Then This Is The Time To Earn Extra Income And Fulfill Your Dreams. Women, Students, Old Persons, Under Graduate Persons Can Apply And Can Grab The Wonderful Chance. Message me on whatsapp in 9143902267 if you are looking for any kind of jobs.
7.20056E+17	online job 10,000 25,000 android mobile ( ) 247 Mobile recharge karti hai. NEFT android @f31. play store |2. champcash unlimited earnings apps install !3. apps click sing up with Google click bhar Whats ka no register 4. saponser id 1803094 id ! 5.Task busk reffarl code 3kdkedp5 apps 2 minuts joining 1$ = 62 @@@@# id join chalange join total 7 level @@@## amazon Flipcart. PayTM etc extra commission sponcer id 1803094
7.20059E+17	: (job) :-Whatsapp n.9509417380 70% 10 15000/= 8 12 (salary) 3 10000 () 2 android ( ) income :-http://champcash.com/2487958 :- android whatsapp use Champcash Full Plan Powerpoint PPT in English :https://drive.google.com/file/d/0B2JS00lJgijXRkRxdHJrYXJVdms/view?usp=sharing-------------------------------Champcash Full Plan Powerpoint PPT in Hindi :https://drive.google.com/file/d/0B2JS00lJgijXbHRTUlRGOURQOVE/view?usp=sharingRefer ID of Sponsor : 2487958 , Android Apps $1.00 ? Unlimited Income Eligible ? Free ? ( No Joining Fees , No Hidden Charges , 100% Business) , ChampCash $1.00 Joining Bonus ( Offer ) . Champcash Refer Apps Install Income , Aage , 7 Levels .=> $1.00 Bonus Unlimited Income Eligible ? ?1. Champcash Link Install .2. Champcash Account .3. Challenge Complete ( 8-10 Apps Install 1-2 Minute Open )4. Challenge Complete Champcash Wallet $1 Income .5. Unlimited Income Invite & Earn Menu Whatsapp, Facebook Invite => Champcash Unlimited Income ?1. Unlimited Income Invite & Earn Menu Whatsapp, Facebook Invite 2. Ek Friend Refer ( Challenge Complete , Apps Install ) $0.30 - $1.00 (Rs. 20 Rs.60 ) Income .3. Refer Income 7 Here is All thing You ant to Know About ChampCash Please Watch All the videos to Earn Unlimited With us :-------------------------------What is ChampCash Android App - Install Apps and Earn Unilimited (Hindi)https://www.youtube.com/watch?v=JNGRKYtAKKM--------------------------------Vision of Champcash By Mahesh Verma - Founder Champcash :https://www.youtube.com/watch?v=LuSS_aBhEhI-------------------------------How To Use Champcash Dashboard After Completing Challengehttps://www.youtube.com/watch?v=4K8JAaSJlUw-------------------------------How to Complete Champcash Challenge Full Tutorialhttps://www.youtube.com/watch?v=Aa6oOlwKfb4--------------------------------Champcash Full Plan Powerpoint PPT in English :https://drive.google.com/file/d/0B2JS00lJgijXRkRxdHJrYXJVdms/view?usp=sharing-------------------------------Champcash Full Plan Powerpoint PPT in Hindi :https://drive.google.com/file/d/0B2JS00lJgijXbHRTUlRGOURQOVE/view?usp=sharingRegistration Click , Copy Google Chrome Browser Paste .Whatsapp n.9509417380Click: http://champcash.com/2487958Sponsor ID : 2487958
7.20073E+17	: (job) :-Whatsapp n.9509417380 70% 10 15000/= 8 12 (salary) 3 10000 () 2 android ( ) income :-http://champcash.com/2487958 :- android whatsapp use Champcash Full Plan Powerpoint PPT in English :https://drive.google.com/file/d/0B2JS00lJgijXRkRxdHJrYXJVdms/view?usp=sharing-------------------------------Champcash Full Plan Powerpoint PPT in Hindi :https://drive.google.com/file/d/0B2JS00lJgijXbHRTUlRGOURQOVE/view?usp=sharingRefer ID of Sponsor : 2487958 , Android Apps $1.00 ? Unlimited Income Eligible ? Free ? ( No Joining Fees , No Hidden Charges , 100% Business) , ChampCash $1.00 Joining Bonus ( Offer ) . Champcash Refer Apps Install Income , Aage , 7 Levels .=> $1.00 Bonus Unlimited Income Eligible ? ?1. Champcash Link Install .2. Champcash Account .3. Challenge Complete ( 8-10 Apps Install 1-2 Minute Open )4. Challenge Complete Champcash Wallet $1 Income .5. Unlimited Income Invite & Earn Menu Whatsapp, Facebook Invite => Champcash Unlimited Income ?1. Unlimited Income Invite & Earn Menu Whatsapp, Facebook Invite 2. Ek Friend Refer ( Challenge Complete , Apps Install ) $0.30 - $1.00 (Rs. 20 Rs.60 ) Income .3. Refer Income 7 Here is All thing You ant to Know About ChampCash Please Watch All the videos to Earn Unlimited With us :-------------------------------What is ChampCash Android App - Install Apps and Earn Unilimited (Hindi)https://www.youtube.com/watch?v=JNGRKYtAKKM--------------------------------Vision of Champcash By Mahesh Verma - Founder Champcash :https://www.youtube.com/watch?v=LuSS_aBhEhI-------------------------------How To Use Champcash Dashboard After Completing Challengehttps://www.youtube.com/watch?v=4K8JAaSJlUw-------------------------------How to Complete Champcash Challenge Full Tutorialhttps://www.youtube.com/watch?v=Aa6oOlwKfb4--------------------------------Champcash Full Plan Powerpoint PPT in English :https://drive.google.com/file/d/0B2JS00lJgijXRkRxdHJrYXJVdms/view?usp=sharing-------------------------------Champcash Full Plan Powerpoint PPT in Hindi :https://drive.google.com/file/d/0B2JS00lJgijXbHRTUlRGOURQOVE/view?usp=sharingRegistration Click , Copy Google Chrome Browser Paste .Whatsapp n.9509417380Click: http://champcash.com/2487958Sponsor ID : 2487958y
7.20082E+17	Reg. No. :- U35990HR2015PTC054530 .Android 10000 20000 / , , Join . android ?????1 play store |2 Champcash apps install !3 apps click sign up with champ cash click .4 sponser id 2328172 id !Sponsor ID :- 23281725 Champcash id 7 10 apps Apps install . Apps install 2 open , Appp install ... 7 10 Apps .... Apps install instructions , strictly follow ... 1$ (Rs. 62) id active id |6 id join challenge join total 7 level ... whatsapp no. 9602960216 (only msg )Many way to earn unlimited:-1. Inviting income upto 7 level2. Repurchase income upto 7 level3. Earn more income upto 7 level4. See Ad income5. Rank bonus income . , Champcash , 2 Champcash ..Help :- 9602960216(WhatsApp)
7.20082E+17	Champion Are you earning money in our android phone without investment 100% free joining and free unlimited earning 1,download champ cash on play store 2,signup3,fill all detail Like = NameDoBEmailMobile noPassword and submit Then put up refer id or sponser id 699170Thin id will be completed and your dashboard will be open and you will get 1$ sigup bonus so plz joinMy whtsapp no 7275233651http://champcash.com/699170MLM free free free 100% freeAndroid Mobile online Part time Jobchampcash.com/699170Champcash:-1.Commission on Mobile Recharge, Bill pay..etc up to 7 level2.Shopping commission onAmazonshopcluesjabonghome shop 18freechargeairtel rechargemake my trip flightsmake my trip hotelsjockeyFlipkartPaytmDominoes PizzaPrint venueUp to seven level3. Refer income50% first level10% 2-5 level5% 6-7 levelhttp://champcash.com/699170Sponsor id 699170( USA, UK, Indonesia, India )
7.20083E+17	digital india Andriod mobile RS 15000-50000/ . Advertising . ... whatsApp no. (8126212999) "JOIN" send .
7.20103E+17	, Android Apps $1.00 ? Unlimited Income Eligible ? Free ? ( No Joining Fees , No Hidden Charges , 100% Business) , ChampCash $1.00 Joining Bonus ( Offer ) . Champcash Refer Apps Install Income , Aage , 7 Levels .=> $1.00 Bonus Unlimited Income Eligible ? ?1. Champcash Link Install .2. Champcash Account .3. Challenge Complete ( 8-10 Apps Install 1-2 Minute Open )4. Challenge Complete Champcash Wallet $1 Income .5. Unlimited Income Invite & Earn Menu Whatsapp, Facebook Invite => Champcash Unlimited Income ?1. Unlimited Income Invite & Earn Menu Whatsapp, Facebook Invite 2. Ek Friend Refer ( Challenge Complete , Apps Install ) $0.30 - $1.00 (Rs. 20 Rs.60 ) Income .3. Refer Income 7 Here is All thing You ant to Know About ChampCash Please Watch All the videos to Earn Unlimited With us :-------------------------------What is ChampCash Android App - Install Apps and Earn Unilimited (Hindi)https://www.youtube.com/watch?v=JNGRKYtAKKM--------------------------------Vision of Champcash By Mahesh Verma - Founder Champcash :https://www.youtube.com/watch?v=LuSS_aBhEhI-------------------------------How To Use Champcash Dashboard After Completing Challengehttps://www.youtube.com/watch?v=4K8JAaSJlUw-------------------------------How to Complete Champcash Challenge Full Tutorialhttps://www.youtube.com/watch?v=Aa6oOlwKfb4--------------------------------Champcash Full Plan Powerpoint PPT in English :https://drive.google.com/file/d/0B2JS00lJgijXRkRxdHJrYXJVdms/view?usp=sharing-------------------------------Champcash Full Plan Powerpoint PPT in Hindi :https://drive.google.com/file/d/0B2JS00lJgijXbHRTUlRGOURQOVE/view?usp=sharingRegistration Click , Copy Google Chrome Browser Paste .Click: http://champcash.com/2373607Sponsor ID : 2373607
7.20121E+17	Online Shopping :- Online Shopping 10 30 !!!!!! ? :- Champcash - :-Flipkart AmazonSnap dealShopcluesJabongPaytm Domino's Champcash :-JOIN 1 play store 2 Champcash app install 3 app click sign up with champ cash click 4 sponsor id 349286 id ..................... ....For more details :-Call & Whtsapp :9888677159
7.20128E+17	Best job for all people.... I m student of IT engineering and joined this business so dont miss the opportunity ,Part time job., ....... DIGITAL INDIA ..... 10,000 1 lakh ....... ... ...... ....... JOIN 1 play store | 2 Champcash earn money free app install ! 3 app click sign up with champ cash click . 4 sponsor id 2202516 id ! (iss id ko pehle kahi paper par likhlo - 2202516 Challenge complete karte he 1$=62 rs milega Jis se aap shopping/Recharge/ bank se redeem kar sakte ho... Aur y challenge ek bar hi aata hai :- quickly Whatsapp Number 9419564707
7.2013E+17	whatsapp 7 1 Pls note: Multi Level Marketing CHAMPCASHREGISTRATION FREE7 Join ..1Champcash Application Google Play Store Install 2Signup with Champcash click Details 3Sponsor ID 1863166 ID ID 4Challenge Challenge 7 9 App App Download App 2 3 5 ID Active ID Unlimited 1 ?1 10 Join Earnings 300 Join . 10 10-10 Total 100 Earnings 600 100 10-10 join total 1000 Earnings 6,000 1000 10-10 Join Total 10,000 Earnings 60,000 10 10-10 Join Total 1 Earnings 6,00,000 1 10-10 Join Total 10 Earnings 30,00,000 10-10 Join Total 1 Earnings 1 Note:- 1 10 . 1 ~~ WhatsApp 7758800327Sponsor ID- 1863166 Www.champcash.com/1863166
7.2013E+17	digital india ..... ....... ... ...... .... .... online work 8,000 20,000 android mobile ? android ? 1. play store |2. champ cash apps install !3. sing up with champ cash click 4. Refrel ID of saponser 573618 id !5. champ cash id 7 10 apps apps instal 2 apps opne apps registration skip $1=62 Rs. id active Dashboard Refer id |6. Refer id join chalange (7-10 apps) join total 7 level shopping 7 whatsapp no.9978490636 Refer id no. 573618
7.20134E+17	H D F C, ...
7.20135E+17	View more repliesVaibhav JindalVaibhav Jindal worst bank .... locker liya tab free tha .. bina puche paise lelete hae 17180 rupees or credit card apply karo tab toh bana de gye .. fir banate nahi.... same document indusind bank ko diye unnno ne bana diye ... .... chor or worst bank .......... ]Like Reply Just nowVaibhav JindalVaibhav Jindal netaji subhash ka branch manager itna bakkwaSh hae usko change karte nahi pitampura ka acha tha saaala usko change kardiyaLike Reply Just nowVaibhav JindalVaibhav Jindal mere paise kaise aaye gye ye btaoLike Reply Just now
7.20138E+17	Get 10X Reward points on purchases made on SmartBuy and make your Cricket season better. T&C Apply. Offer valid on spends and purchases made on SmartBuy through Select HDFC Bank Credit Cards from 15th March to 31st March 2016. http://bit.ly/HDFC_CricketSB
7.20142E+17	Revolutionary International web based mobile business work from home zero investment 100% legal business 100% pure income work on fb & whatsapp only work only 30 minutes a day instant withdrawal of earning earn monthly 15,000 to 50,000 for this business you need only smartphone & Net income ?1. Online Recharge 2. online 3. online 4. 5. bonus 6. upto seven levels below. , fb & Business 1. Install champcash app. From playstore2. sign up3. Refer id of sponsor- 319198 .. 4. In their some task which you must complete 5. And start earning unlimited6.complete the challenge to start business. Install, open and register in the apps."Important"Refer id of sponsor : 319198you remember this id after installing champcash app ok any queries so plz contact my whattsup number 88722-61007 .......JAI HIND ...
7.20143E+17	12 6000 15000 india CA networking platform android android play store app champ cash app app sponsor code : 2012161 id id task app app 2 3 task $1 dollar champ cash wallet friends invite friends id task $0.300 dollar invite 7 champ cash Sponsor code 2012161 students, housewife, old man , etc
7.20147E+17	word first free mlmchange your life ek baar dekh lo kya petha life badal jaaye Paisa aaye toh kernaa vernaa besakh matt Kernaa Paisa aane ki 100% guaranteeAndroid Users 7 5 .. Active ..Follow These steps1) Google Play Store "Champcash http://champcash.com/14189152) App Signup !!3) Refer id SPONSORE 1418915 (Copy )Refer ID of Sponsor: 1418915Code 4) champcash Application ID 1$ =62 (JOING BONUS) ID unlimited unlimited Earning ..5 READ 1Month 10 Join Earn =500 Join 2Month10 10 Total 100Earn 10003 Month100 10 jointotal 1000Earn 10,0004 Month1000 10 Join Total 10,000Earn 1000005 Month10 10 Join Total =100000Earn 10,000006. Month1 10 Join Total 10,00000Earn 17 Month Join Total 1Earn 5 Earning 9Application 10 Contect 10 (Shopping Panel income Count 50% champcash life change )Join this Bussiness ,Change Your LifeReach website100%. Work. Hoga. To. 5 crore 50%. Work. Hoga. To. 2.50 crore 25% work. Kiya. To. 1.25 lakh 12%. Work. Hoga. To 62. Lakh6 %. Work. Hoga to. 31 lakh 3% work. Hoga. To. 16.50 lakh 1%. Work. Hoga. To. 5 lakh 0%. Work. Hoga. To. 00000000)00000000 rs. Ye to pakka. He. Ab. Apko. Jo. Pas and. He. Vo. Karna. He.www.champcash.com/1418915
7.20148E+17	1 champcash app install 2 champcash open signup with champcash 3 signup refer ID of sponsor 760435 proceed 4 signup challenge accept 8-9 app install app signup app install complete ID activate $1 lavel member 30 60 1lavel member - 30 602 lavel member - 103 lavel member -104 lavel member -105 lavel member -106 lavel member -57 lavel member -5 7 lavel referenceno 760435
7.20148E+17	PART TIME JOB Rs.15000 - 50000 ....... DIGITAL INDIA ......ZERO INVESTMENT.... JOIN PLAYSTORE CHAMPCASH app install ! app click sign up click . SPONSOR ID 1098052 Complete "CHALLENGE" aur apna id activate karke business se jud jao...... .....
7.2015E+17	PART TIME JOB Rs.15000 - 50000 ....... DIGITAL INDIA ......ZERO INVESTMENT.... JOIN PLAYSTORE CHAMPCASH app install ! app click sign up click . SPONSOR ID 1132904 , Complete "CHALLENGE" aur apna id activate karke business se jud jao. ..... ..... "IMPORTANT " Sponcer id 1132904 ise khali page pe likh le is ki ap ko aage bi jrurat pedegi
7.20151E+17	RS 2000 se 50000/ .and more... Advertising . android ... ... ... whatsApp no. (+919649593320) "Join" send .join this work& change your life..
7.20151E+17	... .... Digital India... 20 .... -- ..... mission .. ( )...Join WhatsApp .. Whatsapp no. (9021272809)
7.20151E+17	FREE WORK FROM HOME JOB..Are you unemployed/ want more income (part time)introducing World's first Internationalnetwork marketing income platform CHAMPCASH=100% FREELaunched in INDIA, USA, UK and Indonesia.Launching in Australia,Germany, Bangladesh, Canada, Malaysia,Singapore, UAE and Vietnam.1. You Will EarnEvery time you Install Apps or do shopping on your countries best shopping apps2. You willEarn a good commission Every time YourNetwork Members Install Any Apps or doshopping. 3. You can Earn a Fixed Income through Earn More Panel.4. We are the firstcompany in the world that are giving Re-purchasing Income from your network withoutany investment.How Much You can EarnThrough This : You can Earn USD 500 to5000 Per Month without giving up your job.How to start the business install thechampcash app from play store.open and sign up on champcash in sponsor id type 1929684 that completes your registration.You will get a business ref id.=1929684 which you needto promote on social media. You can startnetworking and add people in your networkbelow you. You will get your downline appsinstallation and shopping commission upto 7levels below.Sponsor ID=1929684
7.20151E+17	Steps to Get Extra Cashback :Note : YOu Will Earn Income upto 7 levels if You Refers Your Freinds too to do Shopping through Champcash App...How ?1. JUST INSTALL CHAMPCASH APP from GOOGLE PLAY STORE2. Register with Sponsor ID : 1517603 or refer ID of Sponsor 15176033. Earn Everytime You Do shopping4. Invite Your Friends5. Earn Everytime When Your Friends Do ShoppingAnd You can Immediately Start Earn Cashback and Earning ...Direct Link to Download App :Click : http://champcash.com/1517603====Important====Sponsor ID : 1517603 (Sponsor Id jab Maange to Ye ID daal Dena)-----Happy shopping--- it will take 30 mints fill I'd 1517603
7.20152E+17	Digital India RS 15000-50000/ .100% Free register Hai Advertising android ... whatsApp no. (+918093570619) "JOIN" send .join this job & change your life.... ( Download champcash app and enter Sponsor id 2076157.
7.20152E+17	PART TIME JOB Rs.15000 - 50000 ....... DIGITAL INDIA ......ZERO INVESTMENT.... JOIN PLAYSTORE CHAMPCASH app install ! app click sign up click . SPONSOR ID 2024896 , Complete "CHALLENGE" aur apna id activate karke business se jud jao...... .....
7.20152E+17	Online earning revolution ...download Champcash frm playstore wid d help of sponsor id 1392123 ....complete d task by just downloading few other renowned shopping apps ...open each app for few minutes ...ur own id get activated ...refer others to do d same at ur own id n get income upto seven levels .....world 's first government authorised company give dis opportunity to all android mobile users ...100 percenr reliable , investment- free excellent online earning revolution of digital India ....get it done soon n start earning real gud money....more details 9999318727
7.20152E+17	Want To Earn Extra Income, Running Out Of Money. Then This Is The Time To Earn Extra Income And Fulfill Your Dreams. Women, Students, Old Persons, Under Graduate Persons Can Apply And Can Grab The Wonderful Chance. Message me on whatsapp in 9143902267 if you are looking for any kind of jobs.
7.20152E+17	online job 10,000 25,000 android mobile ( ) 247 Mobile recharge karti hai. NEFT android ?1. play store |2. champcash unlimited earnings apps install !3. apps click sing up with Google click bhar Whats ka no register 4. saponser id 1803094 id ! 5.Task busk reffarl code 3kdkedp5 apps 2 minuts joining 1$ = 62 @@@@# id join chalange join total 7 level @@@## amazon Flipcart. PayTM etc extra commission sponcer id 1803094
7.20162E+17	Reg. No. :- U35990HR2015PTC054530 .Android 10000 20000 / , , Join . android ?????1 play store |2 Champcash apps install !3 apps click sign up with champ cash click .4 sponser id 2328172 id !Sponsor ID :- 23281725 Champcash id 7 10 apps Apps install . Apps install 2 open , Appp install ... 7 10 Apps .... Apps install instructions , strictly follow ... 1$ (Rs. 62) id active id |6 id join challenge join total 7 level ... whatsapp no. 9602960216 (only msg )Many way to earn unlimited:-1. Inviting income upto 7 level2. Repurchase income upto 7 level3. Earn more income upto 7 level4. See Ad income5. Rank bonus income . , Champcash , 2 Champcash ..Help :- 9602960216(WhatsApp)
7.20168E+17	Champion Are you earning money in our android phone without investment 100% free joining and free unlimited earning 1,download champ cash on play store 2,signup3,fill all detail Like = NameDoBEmailMobile noPassword and submit Then put up refer id or sponser id 699170Thin id will be completed and your dashboard will be open and you will get 1$ sigup bonus so plz joinMy whtsapp no 7275233651http://champcash.com/699170MLM free free free 100% freeAndroid Mobile online Part time Jobchampcash.com/699170Champcash:-1.Commission on Mobile Recharge, Bill pay..etc up to 7 level2.Shopping commission onAmazonshopcluesjabonghome shop 18freechargeairtel rechargemake my trip flightsmake my trip hotelsjockeyFlipkartPaytmDominoes PizzaPrint venueUp to seven level3. Refer income50% first level10% 2-5 level5% 6-7 levelhttp://champcash.com/699170Sponsor id 699170( USA, UK, Indonesia, India )
7.20169E+17	Job job job job job job "" , "" .... "" , "" , Make In Indiaa - ( ( 2 " intrested " WhatsApp no. send 8087585928 msg Only for intrested and hardworking people invited. Digital India Concept
7.20177E+17	digital india Andriod mobile RS 15000-50000/ . Advertising . ... whatsApp no. (8126212999) "JOIN" send .
7.20184E+17	http://btfxworld.com/landing1.aspx?r=gurung786Banner Imagehttp://btfxworld.com/images/sitebanner/output_NQT4rE.gifBanner Display Banner Refferal Code
7.20184E+17	Best job for all people.... I m student of IT engineering and joined this business so dont miss the opportunity ,Part time job., ....... DIGITAL INDIA ..... 10,000 1 lakh ....... ... ...... ....... JOIN 1 play store | 2 Champcash earn money free app install ! 3 app click sign up with champ cash click . 4 sponsor id 2202516 id ! (iss id ko pehle kahi paper par likhlo - 2202516 Challenge complete karte he 1$=62 rs milega Jis se aap shopping/Recharge/ bank se redeem kar sakte ho... Aur y challenge ek bar hi aata hai :- quickly Whatsapp Number 9419564707
7.20188E+17	whatsapp 7 1 Pls note: Multi Level Marketing CHAMPCASHREGISTRATION FREE7 Join ..1Champcash Application Google Play Store Install 2Signup with Champcash click Details 3Sponsor ID 1863166 ID ID 4Challenge Challenge 7 9 App App Download App 2 3 5 ID Active ID Unlimited 1 ?1 10 Join Earnings 300 Join . 10 10-10 Total 100 Earnings 600 100 10-10 join total 1000 Earnings 6,000 1000 10-10 Join Total 10,000 Earnings 60,000 10 10-10 Join Total 1 Earnings 6,00,000 1 10-10 Join Total 10 Earnings 30,00,000 10-10 Join Total 1 Earnings 1 Note:- 1 10 . 1 ~~ WhatsApp 7758800327Sponsor ID- 1863166 Www.champcash.com/1863166
7.20195E+17	Android 10000 1 .. 100% .. [Refrel id of sponsor-1507218 android ?1 play store |2 Champcash apps install !3 apps click sing up with champ cash click .4 saponser id 1507218 id !5 Champcash id 7 10 apps Apps install . Apps install 2 open , Appp install ... 7 10 Apps .... Apps install instructions , strictly follow ... 1$(62.5 Rs.) id active id |6 id join challenge join total 7level ...Many way to earn unlimited:- 1. Inviting income upto 7 level2.. Earn more income upto 7 level3.See Ad income4. Rank bonus income . , Champcash , 2 Champcash ! [Refrel id of sponsor-1507218 (Iss ID ko pehle khali paper par likhlo-1507218
7.20195E+17	Campcash part time job Digital India . RS 15000-50000/ .100% Free register Hai Advertising android . ... 1 app champcash app install 2 champcash open signup 3 signup refer ID of sponsor 2601947 proceed 4 signup challenge accept app install app signup appinstall complete ID activate $1 lavel member 25 50 1lavel member - 25 502 lavel member - 103 lavel member -104 lavel member -105 lavel member -106 lavel member -57 lavel member -5 7 lavel . To Join This Free and Big Business Click : http://champcash.com/2601947====Important====Sponsor ID : 2601947(During Registration You will be Asked for Sponsor Id , Enter This ID in that Field)For details whatsapp me 9654337213Have a nice day......join this job & change your life.....
7.20195E+17	digital india ..... ....... ... ...... .... .... online work 8,000 20,000 android mobile ? android ? 1. play store |2. champ cash apps install !3. sing up with champ cash click 4. Refrel ID of saponser 573618 id !5. champ cash id 7 10 apps apps instal 2 apps opne apps registration skip $1=62 Rs. id active Dashboard Refer id |6. Refer id join chalange (7-10 apps) join total 7 level shopping 7 whatsapp no.9978490636 Refer id no. 573618
7.20195E+17	Tried to contact customer care several times but unable to connect....Very bad customer care.....Need urgent help...
7.20195E+17	HDFC Bank today played against RBI in the finals of MDFA First Division Football League. HDFC Bank put up a tough fight to RBI, the winners of the match.
7.20534E+17	Tried to contact customer care several times but unable to connect....Very bad customer care.....Need urgent help... frown emoticon
7.20534E+17	Good.........News Multinational Company Businees k Joining 100% Free Champion Network Pvt. Ltd. Joining Android Mobile Play Store Open Champcash Champcash Earn Money Free Install Install Open Signup With Champcash Open Procced Enter Refer I D of Sponsor I. D. NO. 1807822 Submit Agree Proceed Further Champcash Joining Challenge Apps Complete Champcash Joinig 7 9 Apps Apps Life Install Apps Install 24 Apps Delete Apps Install Champcash Open Apps Install Apps Install Open ; 1 2 Open Apps Install Open Apps Install Apps Install 1 62 Champcash Account Joining Apps Instoll Joining Apps Complete 7 Level Apps Instoll Champcash Champcash Champcash Champcash joining Joining Joining 10 10 10 - 10 100 10 -10 7 Level 1Level 0.320 20 2Level 5Level 0.064 4 6Level 7Level 0.032 2 Level Team Rs. Total1 Level 10 20 200 2 Level 100 4 4003 Level 1000 4 4,0004 Level 1000 4 40,0005 Level 1 4 4 6 Level 10 2 20 7 Level 1 2 2 Sponsor id ye dalni 1807822 = Rs.2,28,04,600/- 10% Success Rs.22,80,460/- 7 9 Apps Install Sponsor id ye dalni 1807822 Champion Network Pvt. Ltd. Reg. No. U35990HR2015PTC054530 C.M.D. Office - Haryana, Karnal Android Application champcashNote:- Champcash 100% Government M. C. A. Board Open .. ! Contact -:Helpline no. 7814329212 (9:00 AM to 6:00 PM) ya whatsapp no.7814329212..(24 hours)
7.20534E+17	Aaj khelenge #OffersKiHoli. Click on the GIF and send us a screenshot in the comments below. We will surprise you with our very special offers. A few jackpot offers are hidden in the GIF too! Dont forget to use #OffersKiHoli when you send us a screenshot.
7.20535E+17	Happy Holi
7.20536E+17	#offers ki holi!
7.20536E+17	#offers ki holi
7.20536E+17	Great offers
7.20538E+17	#OffersKiHoli
7.20539E+17	Nice,,,,,,,Little Bro,Hare Krishna Hare Krishna,,,,,,,,Wish U Very Super Happy Holi,,,,Adv.G.Ni8,,,,,,,
7.20541E+17	0
7.20544E+17	Gd
7.20544E+17	happy holi
7.20545E+17	#OFFERS KI HOLI
7.20548E+17	Happy Holi
7.20552E+17	hi vaiju chennagiddiri
7.20552E+17	0
7.20553E+17	# Offers Ki Holi Hai !
7.20555E+17	Happy holi
7.20555E+17	#OffersKiHoli
7.20555E+17	# offers ki holi hai
7.20555E+17	Kindly release my Nov 2007 payout..dsa(shubhmanglam)
7.20555E+17	Happy Holi
7.20556E+17	Happy holy.
7.20556E+17	Congratulation from HOLI to all nation of India
7.20556E+17	Happy Holi
7.20556E+17	Hi
7.20563E+17	Offers holi
7.20566E+17	Kapil bro to good it nice holi video
7.2057E+17	supar
7.20571E+17	Hiii
7.20572E+17	#OffersKiHoli
7.20577E+17	B-) Jo
7.20577E+17	Hii
7.20578E+17	Wow it's fantastic , grab it fast
7.20595E+17	Happy holli
7.20597E+17	Happy Holi with SmatBuy & PayZapp
7.20601E+17	Offer kids Holi hai