post_id	post_text
1000183776738447_1000744746682350	confuse and confuse...
1000183776738447_1000746726682152	On your left DUMB and on your right DUMBER!
1000183776738447_1000754023348089	well what government is doing is "fighting fire with gasoline" , the problem started with government signing trade agreement such as CECA for opportunists of investment for GLCs etc, the ending result was a flood of FT flooding here depressing S$ wages etc , the question to ask is how much did GLC made in those investment versus now government throwing/spending to get locals hired ? and are those conditions which government signed changed ????
1000183776738447_1000761956680629	they know they can\'t really fool us now so they are trying to confuse us into their gameplan and sadly 70% naive fools still believe them..
1000183776738447_1000769476679877	"Employment Pass criteria will be tightened to favour foreigners as well." Huh?!?
1000183776738447_1000786713344820	Yeah....riiigghhttt...!!
1000183776738447_1000801516676673	If the government cannot give true Singapore hope to protect them. Please do not give them false hope.
1000183776738447_1000802410009917	I said many times and I repeat,"Singapore can be liken as the \'changed blood\' generation. Like it or not, many things can be prevented from the start. For now, a clean change seems quite impossible.
1000183776738447_1000806720009486	One always talk nonsense and  sia sway . The other thinks he is a Thinker n show facts n theories . No wonder this present lhl teams are A Big Failures !
1000183776738447_1000818570008301	Poke Arse Party policy.  Confuse the 70% always. But 30% can see the con.
1000183776738447_1000825950007563	singapore core??  last i saw,majority voted for pap,the political party that has been butt-fucking sgreans for the past 50 yrs.  if there is any sgrean core,its one where they countinue to support the very system that fucks them over and over again.  lss is right,permits should be revised with the sgrean core,one that fucks the lazy self entitled locals/sgreans and support the jobs creating deserving foreign talents.
1000183776738447_1000858010004357	Looks like there are bigger cocks than me in Singapore...
1000183776738447_1000930253330466	So sad...Wat a bunch of useless MPs.  Each time just TCSS n then collect salary end of the month.
1000183776738447_1000967409993417	.
1000183776738447_1000972493326242	How do you know if they converted EP to PR?
1000183776738447_1001024366654388	zorro lim only say half. kee chiu chan continue the other half.
1000223530067805_1000393160050842	One thing the paper shows is that tax haven like Singapore saves the rich elite from hassle of transferring money out to avoid taxes.
1000223530067805_1000959929994165	The globe fall out so far: http://www.arcgis.com/apps/MapJournal/index.html?appid=1f611be658e74ad48f899d1d6152bdb4
1000223530067805_1001054843318007	Last time the teachers and educators were so enthusiastic to praise about sinkapore as a "wonderful tax haven" time and again like a broken tape recorder especially during social studies and history lesson. Irony.
1000880786668746_1000884846668340	I believe Dr Lee Wei Ling has way much more integrity.
1000880786668746_1000884863335005	Very True , I am  one  . Look at Changi North . Its another Mumbai !  Most local Bank Executives n PMETS are screwed  by FTs and Our Govt simply act Blur ! Wonder how all this banks can get so many quotas for FTs . MOM just need  to Explain to We Singaporeans !
1000880786668746_1000886993334792	Taxi is a "good" job
1000880786668746_1000889913334500	Get the MPs & civil serpants to try driving taxi for a month or so.
1000880786668746_1000890723334419	and when u switch to driving taxis..  LTA is there to screw u for any minor traffic offense with your whole day earning gone...  hahahaha..  Singapore is a great place
1000880786668746_1000892576667567	Very true and reality of life here instead of making the life true blue Singaporean much more better and happier they only interested in making costs low for this companies and making more profits by all means.
1000880786668746_1000895336667291	Hmm. 70% still happy about it.
1000880786668746_1000900586666766	...Paul Krugman and his sausage machine analogy...we can only produce more pricks who pretend they are good at governing the country...
1000880786668746_1000910553332436	He should be a clown  Keeps telling jokes all the time
1000880786668746_1000917586665066	70% voters likes it
1000880786668746_1000921126664712	Sick of seeing his fuck face everyday. No wonder 4D cannot strike...!!
1000880786668746_1000946916662133	From power plants, to SIngpost, to shipping lines, bits by bits selling away national asset, ultimately, selling the country to foreigners...time for father to get up from his grave.
1000880786668746_1000966669993491	Wow! Even the blind,  deaf & mute witness this betrayal, sedition & devaluation of local talents e past 10 Years?  WTF!
1000880786668746_1000990069991151	All good things must finally end ... but by the same token all bad effects caused by this regime will come to pass ... We may never ever get our jobs back but justice is about to be served ... And on this menu is Karma
1000880786668746_1001008163322675	These FTs probably create some jobs for Singaporeans but many more and better jobs for their kind.
1000880786668746_1001099269980231	Next time got driverless taxi, we are gonna get more screwed.
1000880786668746_1001199993303492	Changi North DBS Hub full of Indian FT enjoy Expertriate terms stay at Simei Condo because the CEO also anothet FT ondian enjoyed 11 yearly bonus and 30k hourly salary. Then retrench all singaporean. Where is our NT UC doing?? No eyes to see. May be blinded.
1000880786668746_1001369153286576	Both taxi driving and security are both decent jobs.
1000880786668746_1001519166604908	BUkit Batok Residents be very afraid it\'s coming to u n your children
1000987589991399_1000990223324469	they are not sorry for what they\'ve done, they are sorry for getting caught.
1000987589991399_1000990533324438	I don\'t blame him. Wendy is certainly MILF material.
1000987589991399_1000991526657672	Tiring?? Physically or mentally,botak?? Use your head lah !!!
1000987589991399_1000993199990838	Shame shame
1000987589991399_1000993483324143	"Honest" is an inappropriate word to use on someone who cheats on the Wife and constituents.
1000987589991399_1000994156657409	If he is sincere, he should handwrite the entire apology. This letter could simply be given to him just for signature.
1000987589991399_1000994373324054	Piss and Puke Talent. Found thru stringent assessments and checking.
1000987589991399_1000998123323679	In sg, it\'s not a crime if never tio caught! Wahahahaha!!!
1000987589991399_1000998423323649	David are you changing the PAP manifesto? For You With You For My Dick....
1000987589991399_1001001939989964	At least I don\'t mix up bukit Batok and  bukit botak now cause both also can.
1000987589991399_1001002279989930	This is what we, guys are taught in the army.  Do anything you want but don\'t get caught lor!  This has now permeates into every echelon of the society.
1000987589991399_1001004553323036	Bald for a reason, orgasm guarantee, old man must be kidding
1000987589991399_1001006786656146	thanks for speaking for us,SIR.
1000987589991399_1001011033322388	For now the wife will ban him from eating at Wendy Burger...
1000987589991399_1001011659988992	With no one said anything it would still be personal discretion. Having caught with his pants down, it\'s indiscretion.  Bastard.  Bukit Batok residents, you idiots voted for this rat.
1000987589991399_1001022703321221	?????????????????????????(?????)
1000987589991399_1001024233321068	He really practice what is being taught in the SAF during NS. Do what ever you want to do but don\'t get caught.
1000987589991399_1001024909987667	He will have his punishment. His tryst with Wendy must be off now. Also it will be some time before his wife will allow him back to her bed, if ever, or at least after several half-lives of whatever organisms the other woman brought. Isn\'t that punishment enough for someone who couldn\'t control his desire? So people, please give him a break.
1000987589991399_1001031203320371	??????one is hungry and the other is starving! If not got the idiot botak is still taking his fat salary.Shame on U!
1000987589991399_1001032716653553	Well thot n written! ??????
1000987589991399_1001034823320009	Quote "if you make a mistake, please come clean." LOL
1000987589991399_1001037673319724	Hardworking or hardf**king wendy\'s grassrooted.
1000987589991399_1001043953319096	how come the transport minister never practice what he preach and commit harakiri to be accountable for the 2 smrt staff who lost their lives?
1000987589991399_1001045533318938	Dirty Old Man.  CheeKohPek!
1000987589991399_1001056856651139	Priest la, you all very bad say ppl dirty old man. If I am him, with my age , look & bold hair still got such pretty girl want me I sure jump in immediately without thinking la.
1001054549984703_1001351196621705	what talent? we only excel at ripping others off
1001395876617237_1001396976617127	Hmm... wonder who is heading PA now. lol
1001395876617237_1001399556616869	lky\'s death is akin to kim jong il,kim il sung,mao zhe dong,deng xiao pong,lenin,stalin....  not too sure about lky\'s views on hero worship but it share an eerily similarities to how ppl behave before and after these people\'s death and how those to took up powers used their so called fame to milk things they want.  singapore is a democracy...in the words of lky,get real!
1001395876617237_1001406193282872	TR emeritus. If u want me to like your page. I charge a fee on monthly subscription. Every month i commit certain number of likes. 2 yrs minimum contract period. Lemmi know if u wanna know more
1001395876617237_1001418033281688	Hard earned tax payers money...  It can really b put to good use for the living public.... And thats how great men would want to be remembered even after they have departed.   Unnecessary glorification would mean he achieved nothing when he was alive so events like this must b done to kick start forgotten memories.... its a sad day for a man who has given alot to this nation..... A sad day for the tax payers too.....ironically a day that many would rather forget.
1001395876617237_1001421119948046	All this while,we are kept in the dark with their kind of ownself check ownself system of spending. So much money not accounted for, yet the 60+% can still be so complacent and dumbdumb. Haiz, no wonder the other 30+% are getting cheesed off.
1001395876617237_1001425516614273	Some new millionaires born out of these and also the saying goes rich get richer and that\'s why it\'s a big happy family as long as u are smart enough to join the right one!
1001395876617237_1001439743279517	PA is ground. Grassroots is ground. ??????
1001395876617237_1001440069946151	Why they wanna remember LKY on an empty shell ?
1001395876617237_1001444609945697	Talk about spending on needy Singaporean, they say who have to foot the bill/cost? Spend on such projects (which i am damn sure, Mr LYK would also despise), no problem, just go ahead and spend.... work of the 70%.
1001395876617237_1001457193277772	Ground ki lan . Ground him instead .
1001395876617237_1001464913277000	Ground up includes grass roots lah. And we know PA is the major financier of their activities. No prize for guessing right who directs PA.
1001395876617237_1001467623276729	Wah this photos shows all the porlumpars
1001395876617237_1001467853276706	Looks like more important than their own fathers
1001395876617237_1001488953274596	Any monkey could see that the whole commemoration thing was a top down idea financed by the government. Ground up my ass.
1001395876617237_1001498293273662	Totally Agrees with LWL , our PM are using all the Dogs in PA to build his dynasty and communism . With such good budget , no wonder one event , all the Dogs will go for their meals n wag tails !
1001395876617237_1001551746601650	LKY would never agree to such cheapskate publicity.....
1001395876617237_1001575799932578	Now you know what our millions  dollars  ministers  are good for. Given up . No hope.
1001395876617237_1001648549925303	The angkats so BS
1001395876617237_1001705033252988	Bunch of fucktards!!!
1001395876617237_1001882836568541	PAP had/has never been ground - up but rather sky - down even  to this day.
1001395876617237_1007953715961453	Worshiping a literal corpse of a ww2 traitor dictator. Disgusting.
1001470196609805_1001472276609597	Ground-up initiatives have a centralised budget provision?
1001470196609805_1001473453276146	Now we know where the money are unwisely spent, yet every time the govt are asked to spend more on it\'s needy people, we hear "who are to bear the cost"...
1001470196609805_1001473959942762	Wth, The G claims that people at age 55 can\'t handle their retirement funds,  thus implement Minimum Sum and draw down age.  The PA cannot generate sufficient revenue to cover operating costs,  yet need such a huge budget.  Twisted logic as the board seems more incapable than CPF holder at age 55. Wt...f
1001470196609805_1001474949942663	money spent to keep the FTs and new shitizens happy. U\'ll be surprised at the number of foreign-born "volunteers" at the grassroots level
1001470196609805_1001495219940636	Have a look at who at helm of PA ? See him everywhere like DOG to Master . Why must live so Low ? This guy really Poh Lampah , Cheng Hoo Bin , one look typical Dog of govt  Totally agrees with LWL , he s building a Dynasty with all this 4 legged .
1001470196609805_1001502339939924	What the Fark!!! Spend close to 1 billion to rally their political campaign??? how much taxpayer money they have wasted just like the YOG???
1001470196609805_1001507236606101	Why do you need such a gigantic stat board just to organise grassroots events and activities? You mean people living here don\'t know how to organise their own grassroots movements?
1001470196609805_1001517309938427	PA owns so many buildings. Must cut down liao.
1001470196609805_1001531176603707	Well that is the budget but how much did they actually spent? We all know about the YOG where the actual spending was many times over the budget. These people are spending public money like no tomorrow and who is suppose to monitor them? Isn\'t that the president job? What has he being doing? Sleeping? In fact what is the whole cabinet doing? Why no one is questioning about this?  Spending the same amount on PA as A*Star & EDB combined is just so not acceptable !
1001470196609805_1001531513270340	It\'s not their money..its the tax payers... Of course it does not matter how it\'s spent...a shameless way to celebrate actually. Thanks to the 70%....they hv empowered this morons with the authority to do as they wish...I really hope the 70% live to regret this.
1001470196609805_1001575736599251	Public funds misused or misappropriation? He just re distributed the little crumbs to the starving supporters ...pathetic lots.
1001470196609805_1001595869930571	grassroots under PA right? They go with pap mps to distribute free umbrellas to residents on their walkabouts. whose money are they using?
1001470196609805_1001801636576661	Cronies to feed.....
1001564769933681_1001575399932618	Why not if they \'re doing a good monkey bussiness throwing peanuts to singa-poor-ean .
1001564769933681_1001579329932225	Gosh...She\'s going to visit her psychiatric again each time news liked this was published.
1001564769933681_1001580583265433	Ot show that she is monkeying around with our reserveds. No wonder we lost the money. How much is left? Sorry, cannot tell you. It is TOP SECRET.
1001564769933681_1001581646598660	Bo standard
1001564769933681_1001584133265078	This sign created fights in many incidents around my neighbourhood.
1001564769933681_1001586913264800	She did not have to be trusted by anyone, cos she just need to make only one person  \'happy \'.. the games is in her hand... ??
1001564769933681_1001629269927231	The whole world must be fascinated by this monkey picture.
1001564769933681_1001634903260001	There are many types of gates even though Sg is one of the safest place on earth, cant take chances and do away with gates for security.
1001564769933681_1001635096593315	Watergate, Bill Gate, etc etc etc. The latest: MonkeyGate :-)
1001564769933681_1001635183259973	Or was it TwitterGate?
1001564769933681_1001642696592555	Frankly , Many wouldnt trust this " AH LIAN " Ceo with so much money as she dont even knows how to use Tweeter ? Omg ! BOH SWEE CHUN !
1001564769933681_1001643249925833	Some not so successful people have childish syndrome. True character display
1001564769933681_1001645349925623	Already lost billions...... not reported
1001564769933681_1001664953256996	A shameless arrogant embarrassment to anyone anywhere, a perfect match for the man she married.
1001564769933681_1001667739923384	Monkey business
1001564769933681_1001739769916181	If she is clever how come she lost billions without report ? She is lucky .if not every day pointing fingers in the zoo.
1001564769933681_1001755396581285	So far no one question her eligibility and ability to carry out the tasks but Ford magazine voted her as richest and powerful woman in the world but the money is belong to all singapoream not HER. HO Lee family????
1001564769933681_1001770946579730	How can a clever man picked up this gal?????? From Discotheque??????
1001564769933681_1001937103229781	Primate : (abbreviation) for Prime minister Mate
1001564769933681_1001950463228445	No need to think, if I still need to think, then I cannot even trust myself too!
1001564769933681_1001978713225620	Picture means very \' tulan "
1001564769933681_1002056053217886	Can not!
1001564769933681_1002067133216778	We don\'t need a monkey to run our reserves. This has been happening, no wonder ...I No Money. Ho Chimp MUST resign over this.  A clear cut view of the insanity of people who must be placed in a zoo instead of the corporate boardroom ! Power without responsibility leads to monkey business.
1001564769933681_1002186883204803	A big NO NO NO!!!! She had been shoooo in into Temasek, She did not build Temasek and don\'t deserve whatever title given to her. Squandering our blood and sweat money.
1001564769933681_1002202973203194	Is a disgrace to all singaporean.
1002015433221948_1002016619888496	Salesman talking
1002015433221948_1002019536554871	to trust him is as good as eating your own shit.
1002015433221948_1002020339888124	These part-time MPs are hitching a ride on PAP bandwagon,not to serve the constituents but only to themselves.Their salary as MP,only \'sidelines\' to them. But sadly,those70% idiots fail to see.!!!
1002015433221948_1002020779888080	Cannot believe. Their pay so high.
1002015433221948_1002024553221036	no
1002015433221948_1002027543220737	Cheat ppl feelings onli
1002015433221948_1002029046553920	Always laa...
1002015433221948_1002029603220531	What I know for a fact is that the maintenance response time is a lot slower than under WP. I see the same stains on the floor for 3 months (tho they got less visible) and days to clear bulky rubbish left at the lift lobby (tho the residents should have brought down themselves)
1002015433221948_1002029656553859	Frankly take all their promises with a pinch of salt.
1002015433221948_1002031923220299	Fugged by the same party... muahahhahaha
1002015433221948_1002036203219871	Was  he the one in the old days... who represented SIA union n the same time  SIA staffs free flight benefits was compromised ....? Heard something like that from my friends working in SIA many years ago. If he is the one n now as MP representing punggol...hmm. Lol....
1002015433221948_1002042396552585	trust ourselves better... they wanna be MP mainly because of the millionaire salaries... no way they gonna help us...
1002015433221948_1002044569885701	when an aircraft engineer starts dishing out professional financial opinions and you have the majority believing him,you know the stupidity level had hit a new low.  to date,i have yet to hear him explain the missing 1million he claimed was missing from puggol account....i even got lectured by my acca lecturer when i presented charles dong\'s interpretation of the accounts! even though i keep telling my lecturer, pap\'s charles dong cannot be wrong since majority voted for him!!
1002015433221948_1002047589885399	To those who voted for him...start praying. And yes get an education too.
1002015433221948_1002047846552040	Good luck... lol
1002015433221948_1002048076552017	They have 70% what can we do
1002015433221948_1002057289884429	Punggol East get the type of MP they had voted for. They voted with their eyes closed & their brains asleep. CC also liddat. Repent at leisure till 2020.
1002015433221948_1002057353217756	Scumbags
1002015433221948_1002062479883910	Before election many promises after disappear only think of their Million salaries. Or get as many Directorship and advisor to as many organizations and coy as possible .where there have times for you even with 4times a month. and pay 15k per month
1002015433221948_1002065203216971	Blame the promiser? Blame the ppl who were so easily taken in.
1002015433221948_1002065373216954	Why you worry and complain? He might be busy prying open the legs of someone\'s wife or daughter.
1002015433221948_1002083586548466	Him? I try to believe as i might and only
1002015433221948_1002083779881780	If your boss pays you very well with no responsibility, will you go against your boss?
1002015433221948_1002093529880805	Aiya he busy bedding grassloot women activists. Where got time
1002015433221948_1002110773212414	These PAP MPs are interested of winning the single seats for that $16,000  hefty allowance a part time, besides their own personal earnings in their professions. It,s easy money from tax payers,and who would not want it. Do U think they will put their heart & soul to look into the problems of the needy in their respective constituency,and infect some of them has their representatives to take note of their respective constituency for feedback. Isn,t that a easy part time work. Anyone who is interlectual can do the job too.
1002082319881926_1002130836543741	feel rich?  some asshole once said: i look at my cpf statement,i feel rich!
1002082319881926_1002137283209763	We should ask our National development minister to look at prvite district at Bukit timah EastCoast Orchard Hollan area full of Expertriates family. 70%may be
1002082319881926_1002139869876171	It belong to rich
1002082319881926_1002145123208979	dont You get the message ur Services are no longer needed Immigrate and make space for new hungerier FT they will work and Vote the Eliteway
1002082319881926_1002148279875330	"2nd Class" citizen?
1002082319881926_1002167333206758	Its all about Money! Money! Money! Welcome to Singapore
1002082319881926_1002197003203791	GREAT FEELINGS, I AM 70
1002082319881926_1002257473197744	Why are foreigners allowed to buy GCBs?
1002082319881926_1002301166526708	Rich man paradise?
1002082319881926_1002347309855427	Soon we singaporeans will be look down by Faked Citizens . They all will lived in Highend Condos or Landed and drives Cars .  And we only lives in HDB govt flats , take public transported . Its gonna becomes a Reality . Just marked my words . We are to br Blamed ourselves ! Dumbed 69.9 % !
1002082319881926_1002579139832244	Why would an average man kill themselves by buying into such high priced items?
1002120963211395_1002127953210696	Hooray! 70% voted!
1002120963211395_1002128139877344	Yes, we r at our toes
1002120963211395_1002128156544009	I dun expect our economy to be protectionist however when you allow foreigners into being cab drivers whereby local born and bred Singaporeans are finding it hard to make  ends meet, something is wrong somewhere in the policies churned out by the mandarins sitting in the government boards.
1002120963211395_1002128246544000	lol,its expected.  majority voted for it is sooooo not enough to explain away this karmic butt fuck!!
1002120963211395_1002128396543985	Getting worst for  Singaporeans
1002120963211395_1002131099877048	Soon it makes no difference you carry pink ic or not.
1002120963211395_1002132476543577	Dont mind...at least Grab is cheaper...taxi system is too outdated in SG...
1002120963211395_1002133053210186	69.9 don\'t drive taxi?
1002120963211395_1002133946543430	Huat ah..!! Money no enuf for all..!!
1002120963211395_1002134653210026	Pls personally thank all your 70 percent friends.
1002120963211395_1002135139876644	They only want your vote. Once you give it to them, they\'re free to do what they want for the next five years. The problem lies not with the politicians but rather with the clueless voter.
1002120963211395_1002135286543296	I am  certain there are many many cabbies who have voted for PAP. Serve them right. Hooray. They have voted themselves to compete with foreigners to earn a living.They think PAP will support them. FAT HOPE. PAP only support money making implementation. DEFINITELY not voters.
1002120963211395_1002135319876626	Next change.... foreigners can compete for possession of your spouses.
1002120963211395_1002135613209930	Complain complain. First complain taxi drivers\' attitudes and service and fare prices. Taxi apps comes along then all Pax happy poon pee pee. Now Grab and Uber driving jobs also open to foreigners ( workers or talents but not locals ) , passengers no more complain but kpkb. In Singapore the fittest will survives and in the end 10years down the road, taxi driving will be a full time job open to foreigners. When that day comes please don\'t complain or kpkb taxi drivers are pinoys, Banglas, ah neh, Ah Tiong or WhatLam Kia lah
1002120963211395_1002136263209865	Agreed now everywhere down from CEOs and Taxi drivers many of them are FT. MOm said this is our cream workforces
1002120963211395_1002138846542940	And why do we need foreigners to be cab drivers, uber or otherwise?
1002120963211395_1002140636542761	PAP minister Chan Chun Sing:"Singaporean core does not mean Singaporean only". So Singaporean driver does not mean Singaporean only. FT also can.
1002120963211395_1002141166542708	Having a ruling party who do not know where their roots lay is very hazardous for this island nation. The evolution of a new breed of new citizens will harm the warmth of the true blue Singaporeans. Where is the loyalty expected by all true Singaporeans. A fair deal for all well deserved citizens who built this nation. Not the foreigners who migrated to have a piece of pie which are meant for the locals and not to be pilfered by the unknown whose only purpose was to sponge on our wealth.
1002120963211395_1002141866542638	A job of the last resort is going to be robbed. Over 40s SG PMETs brace yourselves for this.
1002120963211395_1002144766542348	Goody Good....don\'t KBKP.  You vote for it.  I be LMFAO if PAP win the Bukit Batok by election.  Singaporean wont change their thinking.
1002120963211395_1002152736541551	Im sure most taxi driver voted for the PAP, so why worry?
1002120963211395_1002156299874528	Congratulations 69.9% you asked for it !
1002120963211395_1002157463207745	bukit batok will prove if sinkies r for or against this policy
1002120963211395_1002159676540857	Those taxi drivers that voted for them Orbe good ah. Serve you right . Hahahaha
1002120963211395_1002162989873859	It\'s been happening for a long time on the quiet.  I had a bad experience
1002204129869745_1002210503202441	Wishing SDP best of luck!
1002204129869745_1002219566534868	SDP all the way , knowing your enemies moves planning ahead is the key of winning this battle. Dr Chee kana many times , he seem to grown smarter train by our forefather LKY.
1002204129869745_1002236883199803	Comes prepared
1002204129869745_1002281063195385	Given our state of affair, I think they should be welcome. Good luck.
1002204129869745_1002322769857881	Yes. Vote Dr. Chee.
1002204129869745_1002351223188369	Dr Chee , goodluck to your coming by election . Hopefully , many would prefer you not play Gentleman . Gentlemen wouldn\'t win Wars or Elections . So we hope this time round you  can play your card well for BB ! Cheers !
1002204129869745_1002442316512593	Give them A chance as too many things happened while PAP in power????
1002367186520106_1002368183186673	Apparently Rui En got into trouble a couple of months recently with a hit and run accident. She only settle the accidently privately after the victim stirred up a storm
1002367186520106_1002369813186510	Lol you expect a Malay pakcik to know all the Mediacorpse Chinese actress meh? He only watches Suria and Malaysia RTM 1 and 2 channels le. Next time say you are Anita Sarawak then he know la ah yoooo. Even I don\'t know.
1002367186520106_1002371443186347	from the pic... is not very far like he say
1002367186520106_1002372033186288	Uncle u are on win win case ..get a lawyer n sued her..make her pay more compensation to your bike..teach her a lesson see whether she dare to say such words again in future when  she commit a accident again..
1002367186520106_1002373126519512	pakcik next time just say u only watch vasantham and suria channels nia..dunno who the fuck she is n dun care who she is oso
1002367186520106_1002375779852580	She from middle cock than you should have pointed to your microphone and and said here\'s middlecock suck it up bitch
1002367186520106_1002390373184454	Uncle, your case is strong! Fight till the end to let her knows that she\'s not that big deal! She\'s just a local actress, and she\'s not entitled to some Special treatment!
1002367186520106_1002391183184373	She don\'t mean to ask Do you know she is an actress.  She meant to ask Do you know she is FT. ;))
1002367186520106_1002403203183171	Insurance doesn\'t cover drunk drinking right?
1002367186520106_1002414703182021	Arrogant bitch.
1002367186520106_1002431289847029	Sweetie, you are a low class bitch with no talent. Get a grip! It ain\'t Hollywood.
1002367186520106_1002442579845900	Why she didn\'t say " do you know who\'s my sugar daddy is?"
1002367186520106_1002531143170377	Rui En should have her license suspended.
1002367186520106_1002533336503491	Mediacorp actress, so what? The police should suspend her license, fine and jail for drunk driving.
1002367186520106_1002553599834798	Mediacorp actress so what, do you own SG?
1002367186520106_1002567346500090	She sudah mabok  ?? dunno what\'s happening around her
1002367186520106_1002569163166575	??????????
1002367186520106_1002574743166017	Very strong case, sue that lady who is sooooo atas n yayapapaya. Mediacorp artiste sooo what, the court should mete out full extent of the LAW so as a deterrent to all drink drinking be they 1st time or 2nd time offender that DRINK DRIVING DOES NOT PAY. Pass a landmark sentence so that their balls will shrink when they are charged under drink driving.
1002367186520106_1002574749832683	Answer u dunno who she is = 2k compensation  Answer u know who she is = 20k compensation
1002367186520106_1002585229831635	She is just an artiste from Media Corpn. What\'s so grand?
1002367186520106_1002591836497641	She thinks she\'s still acting?
1002367186520106_1002592473164244	So if she goes around asking people "You know who I am?", do forgive her, she must be suffering from an early onset of Alzheimers or senile dementia, not knowing who she is herself!   Ah you po\' thang!
1002367186520106_1002599016496923	Media corp actress means big fuck issit?
1002367186520106_1002600346496790	Who the fuck does she think she is? Just another Media Cock sucking bitch like Quan Yi Feng!!!
1002367186520106_1002606343162857	Stupid arrogant bitch!
1002630519827106_1002631823160309	JUST \'BALEK START\' SO WHAT..
1002630519827106_1002632116493613	No accountability ...
1002630519827106_1002632859826872	Wtf...
1002630519827106_1002635313159960	Well monkey see monkey do...over here no accountability.  If they are responsible say \'i am sorry\' and resign.  Maybe should say..u know who am i.  Uniquely singapore
1002630519827106_1002635573159934	These are tyrants and thugs, you can\'t reason with these species.
1002630519827106_1002635619826596	ownself check ownself.... 69% approved it
1002630519827106_1002636339826524	U ask for it
1002630519827106_1002636599826498	N.K. Incorporated.
1002630519827106_1002636706493154	mai complaint la
1002630519827106_1002638039826354	That money better give Warren Buffet to trade n he can hold long position for mths yestearn billions.
1002630519827106_1002642553159236	Can someone post on Toomasik or Glc website??
1002630519827106_1002643786492446	Our government still practice "Iron Rice Bowl" policy for themselves.
1002630519827106_1002645496492275	Here meritrocracy is being practised in a very uniquely pinky way..........
1002630519827106_1002646109825547	It is unfortunate for him that Acer is not owned by Temasek. If it was, then he would not need to resign. He would even get extra bonus for losing money.
1002630519827106_1002647076492117	Let\'s not forget NOL.
1002630519827106_1002650509825107	They hv lots of secret accounts in most mnc or in PA to transfer funds to cover it
1002630519827106_1002650613158430	The G elite here has diplomatic immunity mahhh...nothing can touch them even if they squander away ppl\'s money until kosong numbers left
1002630519827106_1002650853158406	No oppositions that can do a double checks
1002630519827106_1002660059824152	Goes to show the PAP govt is installing obedient lackeys in GLCs for the sake of milking these companies through fat contracts with other GLCs and cronies\' businesses. This is one way of siphoning money out of these corporations leaving a tiny slice of \'profit\' or mega losses for shareholders to absorb.
1002630519827106_1002660286490796	they already say stop "blame game" and try "learn game" in other words we are here to learn at your tax dollar the question arises why pay million in salary because we have future vision. but your future vision destroying our country thats why we need to learn not blame  D\'oh
1002630519827106_1002669076489917	Guaranteed Iron rice bowl. Insured with the right party.
1002630519827106_1002676863155805	REAL SUCKERS OF THIS NATION & PEOPLES ! Wonder how much is lost and mismanaged !  Idiots 69.9% , goodu !
1002630519827106_1002686969821461	But they will lose reputation and respect in the business world.
1002630519827106_1002687809821377	Majority od Sporeans ok with it mah. You not happy got use meh ?  If they make mistakes, the most live with the pain and regret nia
1002630519827106_1002693683154123	Because ...they are so thick skin , the more money they have thr more thick their skin is. juz look at the attitude of their LEEder, that the most thick skin person alive.. bullly own citizen knowing very well that he cant defend himself!  Such shaless attitute.. i respect the dog better them him!
1002728983150593_1002731863150305	Help the poor ?  THEY HELP THEMSELVES MORE THEN HELPING OTHERS ?  SEE HOW PA GOT 1 BILLION BUCKS TO SPENT & the Poor , Begging for Offerings ! How Sad This Nation !
1002728983150593_1002735056483319	BB...It is time to show them the monkey finger! Lol... FO!
1002728983150593_1002735519816606	Murali is said to have been active in BB for 16yrs before he was sent to contest in Aljunied in GE2015. Does it take a person who is willing to commit all his spare time to BB all of 16yrs plus a detour before coming back full circle to BB?
1002728983150593_1002735896483235	You read the health report. Male life expectancy is age 70. Wtf, they hold on to our CPF monies to age 62.  All the bullshit about living to 128 and benefitting from the annuity. You use my CPF monies and say helping me. Damn .wahahaha
1002728983150593_1002736489816509	Don,t trust this Ah Neh,and don,t think that all PAP candidates are perfect, they too have their flaws but never admit, Whats happened toto their last elected MP David Ongis a good example. So voters of BB think carefully when casting your vote. A better person to represent BB is Dr. Chee who would do btter as a full time  MP than this Ah Neh doing part time just for that $16,000 allowance from we the tax payers. So Voters of BB do give your fullest support to Dr. Chee Soon Juan a better speaker and a good debator.
1002728983150593_1002739359816222	Humchi dun care
1002728983150593_1002748756481949	He must promise to wear a chastity belt
1002728983150593_1002751409815017	Always remember there is the 69 % who approves self checked policy.
1002728983150593_1002756316481193	my muruku from last hari raya allready stale... must throw away
1002728983150593_1002757009814457	more prata flipping for the residents
1002728983150593_1002760393147452	Indian man pointing finger toward sky hope you know the answer!
1002728983150593_1002766903146801	Come  on lah. How to help the poor with all the present pap policies?
1002728983150593_1002769659813192	please lor...their help is only to get elected and get the post, afterwhich all behind their head.
1002728983150593_1002771319813026	Sweat sweat offers during election aftet that disappear. Say you better look after yourself. This have proven many years down the line
1002728983150593_1002777616479063	@Alvin Yan How to help the Poor when 70% gave them the rights to do what they want?
1002728983150593_1002784973144994	PLEASE DONT & NEVER ELECT " PEOPLE\'S AGONY PARTY !
1002728983150593_1002788169811341	IS HE AS CAPABLE AS DAVID ?
1002728983150593_1002795139810644	C\'mon all the MPs Ministers can promised to get you the moon but in the end can they come thru the Monkey middle \'s finger for approval ? Why not Just Do It ??Dr Chee
1002728983150593_1002796263143865	Only fools will continue to believe what the white had said again and again without serious actions taken. Time to wake up and change.
1002728983150593_1002809606475864	"Help the poor"... Provided you got the money to give back.
1002728983150593_1002816359808522	GST rebates!  What does it cost the government?  Nothing.  This is one example of how the government makes HOT AIR out of nothing.  When the government says you get reduce rate on you water and electricity.  How does it cost the government.  Really nothing.  So don\'t be fooled by all this MIW.
1002728983150593_1002857806471044	The circus show, but the clowns get away with the votes, thanks to those who are concerned only about municipal issues.
1002728983150593_1002928209797337	NATO
1002728983150593_1002964283127063	Vote Dr. Chee you never wrong.
1002728983150593_1003649053058586	A rich man in pap will help poor pleasants? The sky will fall and there will be snow in singapore! What they promised today will never materialize tomorrow. Unless it benefits their own pockets!
1002803926476432_1002808143142677	After u guys voted them in again with a 70% mandate....juz lppl & stfu...make sure u don\'t screw up again in BB by-election
1002803926476432_1002808979809260	Many people don\'t realise we are being brainwash. Even for those educated once
1002803926476432_1002812309808927	Worship him like god, be dog for life.
1002803926476432_1002823256474499	Moral don\'t sell votes
1002803926476432_1002845113138980	Lots of re-education at home will be needed.
1002803926476432_1002856686471156	dat will be the day
1002803926476432_1003085263114965	Have you seen Mao asked his kids not to trust him?
1002803926476432_1003210653102426	The next minister to say "he will be the last person to allow........" will be?
1002803926476432_1003304419759716	Use the Bukit Batok By-election to register displeasure for so much LKY propaganda! What ground up bullshit, all MIW doing.
1002803926476432_1003337573089734	Follow the rainbow, go ride it. And then i came crashing down cos there was no pot, only a wall that says "You got fucked".
1002982706458554_1003274886429336	Because he is deaf already.
1002982706458554_1003275029762655	HAHHAAAAAAAAAAAAAAAAAAAAAAAAAAAAAAAAAAAAAAH FOLLOW THE LEADER
1002982706458554_1003276436429181	What a great bunch of leaders we have....throwing up their hands in hopeless surrender. Playing the fiddle whilst the Singaporean core burned.
1002982706458554_1003276459762512	u kn0w, i als0 kn0w...s0o?!
1002982706458554_1003282399761918	Tell them to fuck off instead of voting them out
1002982706458554_1003282866428538	SkillsFuture is a joke ... and LSS is a bigger joke ... period
1002982706458554_1003287476428077	While the idea of planting instant trees is a good concept, it should not be the quick fix method for all problems.  The problem with people in position for far too long is a lack of inertia to create and innovate.  They become complacent and continue to use a set of given tools. From experience,  we know this government treats every problem like nails that need to be hammered. One-size fits all solutions are for the lazy and incompetent.
1002982706458554_1003290466427778	Yes ownself check ownself approved by the heartless 70%
1002982706458554_1003293783094113	Only way to control EP population is to have a quota. It could be a quota different from the rest and industry and vocation specific.
1002982706458554_1003297079760450	Millions dollars still not enough for them so how can they do enough for singaporean.
1002982706458554_1003297393093752	He has just woken up after his looooooooooong nap and opened his mouth. He forgot using his prized collection of toothpicks before going to bed! Would someone kindly offer him some Listerine please......
1002982706458554_1003297473093744	Only when the 70% idiots become 45% then pap will be serious to serve singaporean.
1002982706458554_1003304306426394	Ofcourse not, infact 30% already know. It\'s just that the 70% didn\'t mind at all and it\'s none of my business.
1002982706458554_1003307236426101	Isn\'t it so obvious already meh. Maximum wage for the government of the day, his party\'s members but no minimum wage for the populace, his citizens of the land. That\'s what really SUCKS big time for so long as PAP under LHL shall rule hor.
1002982706458554_1003312613092230	Not only EP holders are many, I can confidently guess that many good and well paying jobs are not given to local Singaporeans.  Just look at many Caucasians at the city area.  I don\'t think our PMETs are that incapable??
1002982706458554_1003314616425363	All these farking millions raking nincompoops have their ass  as their brains, only can think shit, talk shit and act shit. Farkup anything and everything yet can still collect millions. Don\'t have the head for this big hat, kindly fark off and allow some others more capable to recover and right all the losses and farkups that was created. Like a team of chimpanzees lead by a baboon.
1002982706458554_1003318409758317	Yes I don\'t mind when 70% is happy.
1002982706458554_1003324626424362	So why aren\'t we asking for mom minister to resign
1002982706458554_1003331959756962	He loves FTs so much.ok
1002982706458554_1003333063090185	No they are not. Want proof? Just go to NUS and look at the number of PRC/Vietnam/Indian staff employed. The proportion of Singaporeans to them is like 20%, seriously. Maybe shouldn\'t call it NUS, but rather NUC, National University of China! And what\'s worst is this PRC dogs come here and tell us that we are not good enough for them and therefore cannot be employed. Singapore govt put PRC dogs in leadership to fuck Singaporeans? Uniquely asshole Singapore.
1002982706458554_1003333719756786	What PAP want is LEVIS LEVIS LEVIS Money Money Money. No money NO TALK. HaHaHa ( At the expense of 70% Singaporeans)
1002982706458554_1003337459756412	You vote for PEOPLE\'S AGONY PARTY , we all get all the shits . They had Sold Us , They Had Sold You , THEY HAD ALREADY SOLD THIS NATION !
1002982706458554_1003373279752830	Bunch of monkeys in parliament ..some sleeping n laughing n close their eyes ..
1002982706458554_1003377123085779	Heard from an acquaintance that it is normal practice to hire all FT under EP scheme to leverage on the non existent hiring quota, and to have a compromising arrangement with the employee. The declared salary is 3k something, they pay the worker the 3k plus as required by law but the worker has to return up to 50% back in cash once he is salaried in the system.    True ?
1002982706458554_1003394866417338	Just like all our local Airlines (Singapore Airlines, Scoot, Silkair, Jetstar, Tigerair), they hire a lot of foreigners too.   From Cabin Crew onwards all the way to the top management.   Is there necessary?
1003475049742653_1003475443075947	ownself say ownself tsk
1003475049742653_1003481579742000	Fart comes out from his mouth
1003475049742653_1003481643075327	Usually they fix oppositions.  Now how it is like to ownself fix ownself?  A lot of examples have been given care to explain kee chiu?
1003475049742653_1003481796408645	he\'s even worse than dumb and dumber. anywhere else in the world he will be out on the streets looking for a job. here? he is minister! we are really going down the drain. thankfully he is no longer in the running to be PM, i hope!
1003475049742653_1003483876408437	Nonsense lei
1003475049742653_1003484506408374	Their white balls shrink becos of the coming by-election which can & will put Dr Chee in parliament
1003475049742653_1003484789741679	Talking in his sleep, the thing is that he is awake !!!
1003475049742653_1003485059741652	Rubbish!
1003475049742653_1003490596407765	If the govt of the day is changed, he might be sent to IMH ?????? for evaluation
1003475049742653_1003494486407376	Ownself contradicts ownself.
1003475049742653_1003494629740695	What an Idiot we have in the MIW team.Paper Generals with no sense of shame.
1003475049742653_1003494823074009	Ah Chan, Chun, chun (foolishly) Sing the same old tune again and again that by now gets so un, un, un, un, un-believable leh. Aiyah, who still don\'t know meh. PA has longed but become a \'Party\'s Affiliation\' wat not of \'People\'s Association\' anymore mah for so long as PAP shall rule hor. So very obvious already wan, cannot bluff anymore lah. Unless, ownself bluff ownself may still work on those daft 69.9% lor.
1003475049742653_1003495889740569	Yet singaporeans vote these leaders into parliament.
1003475049742653_1003497419740416	Heng i don\'t stay tg pagar otherwise sure vomit blood
1003475049742653_1003501429740015	only idiots believed what he said.
1003475049742653_1003503916406433	Wat a mouthful of rubbish
1003475049742653_1003509096405915	Mr PM , looks like your whole team is A Total Rojak ! Why everyone talk and do Dont Seems to Connect and Consistent . One talk about Monday , One speaks about Tuesday and You talk about April Fool s day . So What Is What hah ?
1003475049742653_1003509619739196	The morals of our politicians had eroded to a pathetic level. They can lie without blinking their eyes.
1003475049742653_1003510456405779	What else can Kee Chiu say? PA is partisan? Then his million dollars ricebowl fly away! Did someone say before everyone has a price? It is only a matter of how much only. All things we see, hear and read tells us otherwise but he seems deaf and dumb to the obvious. Why?
1003475049742653_1003510559739102	this fellow know nothing except keechiu...jialiaobee !
1003475049742653_1003511533072338	Yesman always a yesman thing were never change drawing fm taxpayers millions salaries were take command fm highest level
1003475049742653_1003512446405580	OWNSELF SLAP OWNSELF   https://m.youtube.com/watch?v=zQ9fHdAi6rQ&feature=youtu.be
1003475049742653_1003512933072198	Who is this small buy?
1003475049742653_1003513543072137	small boy
1003909596365865_1003915296365295	70% of the population don\'t think that they have a right to know
1003909596365865_1003915386365286	Transparency n accountability = trust.
1003909596365865_1003919206364904	The \'Pay And Pay\' syndrome had long since evolved into a \'Peter And Paul\' scheme, robbing Peter (People) to pay Paul (PAP) otherwise how to continue to ownself Pay And Pay millions to ownself so long as PAP shall rule, isn\'t it.
1003909596365865_1003921079698050	That\'s like a gambler siphoning company money to gamble.
1003909596365865_1003930113030480	Majority voted this People\'s Agony Party will die an agony death in the end . What is there Good by the way ? In the End, Do We Owned Anything that is Truely Ours ?  Only Debts & Burdens !
1003909596365865_1003940456362779	The government made one big mistake though, like our colonial rulers, they educated us and taught us to read and make decisions ... See what LKY did, he went to study law, came back and made the Brits history.
1003909596365865_1003946376362187	The people deserve the government they voted for
1003909596365865_1003974599692698	Using globally acceptable standards of accounting, one foreign report claimed that the annual budget of Pinkyland always understates revenues and overstates expenses(intra-transfers)...... Of course, some might say that there is a foreign black hand trying to do a pap-smearing for some ulterior motives lah! Just look at that $5,000 so-called advertising fee paid more than a year ago to an authorities-unfriendly cyberspace media company and you would understand the venerable situations we are always in lor!
1003909596365865_1003988356357989	Only thieves does such deplorable things.  They put the pockets first before the country.
1003909596365865_1003990576357767	Isn\'t such dishonesty makes us no difference from our neighbour. Sigh!
1003909596365865_1004003976356427	My take of not reporting the proceeds from land sales is they are used to slowly cover up the losses on investments made by the govt. Lots of past CPF contributions had been lost so land sales and book entries to transfer cpf members money to pay for home purchases are slowly balancing the books
1003909596365865_1004016456355179	What to do? The daft only know how to chase the WP TC for several millions but ignore these tens of billions...  This is the best and greatest example of penny wise pound foolish...
1003909596365865_1004019453021546	The papies still dare to ask SDP where do they get their money to implement the programs in their manifestos...  This obvious tens of billions are more than enough to cover these programs, better than squander by the river devil & the gang...
1003909596365865_1004053453018146	Come on Singaporean you all voted for him, now you are still winging, Ah Pek? Will tell you grow up and get a life,put up or shut up
1003909596365865_1004107646346060	Yes, wake up Singapore,Beware the prc, you\'ll be shaking hands with them very soon?maybe no handshakes you\'ll be walk over like the Honkys???
1003909596365865_1004157833007708	Need to pay bonus in the hope that they only squander away 50% of our hard earn money instead of 200% (deficit).
1003909596365865_1004226286334196	So what do the majority of Singaporeans do....they vote in the same mofos in to screw them again and again in the butt.
1003909596365865_1004441726312652	Why still complaining when the last elections the paps won by 75% of Singaporean votes. Congrats for those who vote them.
1003909596365865_1004492869640871	Play cheat ?
1003909596365865_1004602872963204	This chap seems to disagree... food for thots: https://icymisg.com/2016/04/16/budget-2016-of-land-sales-and-deception/
1003912299698928_1004033173020174	2 words, 70 percent
1003912299698928_1004034586353366	Why not? They could take their companies to court in their iwn countries if short-changed in retrenchment benefits. Sinkies could try the toothless wayanging MOM or its affiliated non-political unions and you know what the outcome would be lor. Just keep on trying lah and one day you might or just might succeed to make some progress provided you could keep going at it and also land the next job soon after retrenchment.......
1003912299698928_1004039033019588	MOM allows such atrocities to happen. Fark it!!!
1003912299698928_1004039103019581	Majority voted them in so Most " Cry No Tears " ,  U choose U Pay for it Dearly ! If still Ignorant , the Remedy will Continue into your children and Their Children . STOP IT WHEN WE STILL CAN !
1003912299698928_1004045663018925	When the govt is running most of the big companies in SG, of coz they don\'t want such benefits to hurt their own pockets lor
1003912299698928_1004051513018340	Yes, same as many others, after the 70% development, I no longer motivated to even participating in such news comment, sigh
1003912299698928_1004063076350517	Retrenchment benefits?  Wait long long lah.  Only CxO got retrenchment aka termination golden handshake.  Peasants like u n me, 1 month notice is way you n me gets.
1003912299698928_1004064443017047	That\'s the kind of farking union we have. Knn, union and gahmen are in cahoots. Fark PAP and NTUC.
1003912299698928_1004077263015765	This applies to all including the 70%.
1003912299698928_1004083139681844	I never heard of retrenchment benefits.....becoz you\'re not retrenchment. The management days is downsizing or restructuring!
1003912299698928_1004092746347550	Remind yourself, this is singapore.
1003912299698928_1004119993011492	Retrenchment benefits are based entirely in the employment contract. If it is not there, it is then left entirely to the goodwill of the employer. If the retrenchment is due to resizing or due to a merger and if retrenchment benefits are negotiated with the incoming shareholder, retrenchment benefits could be given as a goodwill. Otherwise strictly following the employment contract, you may get nothing. Why some NMCs give retrenchment benefits is because they have these terms in their standard employment contracts.
1003912299698928_1004124153011076	The 70% voted for it
1003912299698928_1004158139674344	Retirement minimum age 62 why cannot withdraw CPF money .
1003912299698928_1004213553002136	PAP supporter proudly declare that they slam the door on Opposition party in bb....wait till gov slam the door on you.
1003912299698928_1004518939638264	Our employment act is so bullshit, as no quantum or minimum sum payment is stated (eg 8 weeks pay) n instead simply stated as " subject to negiotiation bet employer n retrenched employee.This means the employee is at the mercy of employer, who can merely say " ok I pay one dollar" n he is within the auspices of this stupid Labour legislation.
1003912299698928_1004542352969256	What have the Chinatown minister have to say ?
1004222929667865_1004224516334373	It takes brains to think and understand what is happening in the political climate.most si gaporeans lack the capacity to think.unfortunately.
1004222929667865_1004225029667655	no sympathies....
1004222929667865_1004225379667620	U die your business
1004222929667865_1004225446334280	There are still blind suckers who will still faithfully think pap will help them..GE 2015 has proven it
1004222929667865_1004225936334231	True story
1004222929667865_1004226436334181	Ask not what your country can do for you, but what you can do for your country. - JFK
1004222929667865_1004226689667489	70% totally deserve it
1004222929667865_1004232743000217	Hahaha...ownself fark ownself
1004222929667865_1004232819666876	Zhi Wei
1004222929667865_1004235002999991	Singaporeans got no balls and also blind!!
1004222929667865_1004236766333148	The 70 percent like to be drowning! Wahahahahahaha!!!
1004222929667865_1004246576332167	Dont blame God , blamed yourself for your choice of govt . Wake up before its too late .
1004222929667865_1004287062994785	Ownself save Own self...
1004222929667865_1004291502994341	Kiasu, kiasi,kiachenhu!! hopeless lot!
1004222929667865_1004334449656713	There are many factors that Singaporeans are losing jobs. Globalisation, jobs replaced by automation and only want office job don\'t want to work retail job, don\'t want to work in customer service attending to demanding Singaporean customers, don\'t want to work in Tuas when stay in Bedok etc. There are some jobs given to FTs which shouldn\'t have been given to Singaporeans that the government failed to catch those companies doing so. But some Singaporeans are really too pampered, too laid back and too well taken care of by the government. If Singaporeans fail to be more entrepreneurial and hwanted to work for others, in 20years, many would be out of jobs as jobs would be scarce. And if we have very few jobs in Singapore and because of this, the people blamed the government and decided to change government, which would not improve the situation, we might end up working as domestic workers in other countries. It\'s time to wake up now, be prepared or end up being prepared by others to work elsewhere.
1004222929667865_1004481172975374	Pay and Pay, live or die still need to pay n pay n pay no ending.......6.5 millions betrayed system to 3.0 millions singaporeans. :( :(
1004222929667865_1004486679641490	This is fact....
1004222929667865_1004624019627756	Glad to see the 70% sinking. Wait long long for the pap to your rescues.
1004222929667865_1004697066287118	Many 30% also sinking, together with 70% :||
1004222929667865_1004788719611286	U die ur problem asshole
1004265189663639_1004539682969523	it\'s multiple standards not only double standards... and always suiting to their advantage oppressing the people..
1004265189663639_1004543119635846	The pictures tell a thousand words - self checked to themselves only.
1004265189663639_1004560859634072	The real problem is that PAP as political party and government had been unchecked for over 50 years. Organisations like individuals have character traits and values. When they are not aligned to proper values, they do not have congruency, resulting in discord and mismatch of actions.  Frankly the blame cannot be entirely on the government as it was the voters who put them there and the people who chose to be politicians involved with a party/government  that increasingly divides the population
1004265189663639_1004561772967314	Those responsible for the hep C should at least come out and apologize but nothing from them still hiding behind Wonder can they sleep at night ,this is totally irresponsible and the best of all our Mr Gan can still say he don\'t want people to play the blame game ,what a disgrace to the sir name Gan .
1004265189663639_1004569302966561	I still remember how they trea NKF Director
1004265189663639_1004579089632249	Harakiri???
1004265189663639_1004600662963425	Prime Minister: ...... Meritocracy is a fundamental value of our society, ........  Health Minister: Naming the individuals responsible for the hepatitis C outbreak at the Singapore General Hospital (SGH) last year (2015) will develop a blame culture .......
1004265189663639_1004600732963418	All will never admit their faults . Like India , just Declare Act of God !  Case Closed . Dont need to beat around the bush . At the end , they still get paid . Millions n No Ones to Blame .
1004265189663639_1004605412962950	Integrity easily spoken in speeches, until it\'s been put to a test!
1004265189663639_1004609272962564	Maybe, we have to wait for pap mp\'s family and voters to die in the hands of negligent professionals and civil servants.
1004265189663639_1004611069629051	The PAP govt under LHL is just screaming incompetence.
1004265189663639_1004612549628903	It happens b4 GE last year. U knew it but kept silence only ... Smart move. Regret 69.9%! How fool u can be.
1004265189663639_1004631059627052	Fellow Singaporean let ask a simple question. What is your rights as a  SG CITIZEN?????. You only have the right to VOTE once every 5 years. What do you think?
1004265189663639_1004636316293193	Will they do the same if it happen to the opposition?
1004265189663639_1004641939625964	It seems the whole group of them are big liars. When others do wrong, they are quick to condemn and penalize, when they are the one committing the wrong, they will just sweep it under the carpet, without any accountability. Wtf.
1004265189663639_1004656476291177	I hope sdp wins in bukit batok
1004265189663639_1004668282956663	Under the leadership of pinky is totally bo standard
1004265189663639_1004704122953079	We need Dr Lee Wei Leng to write on this!
1004265189663639_1004754906281334	DQ & Cow..who else..no brainer la
1004265189663639_1004879379602220	You won\'t be surprise those who voted are PR n ft converted
1004265189663639_1005076839582474	The scenario have confused their principle of standard. We are in the stage of Philippines where the nation is into lost of patriotic identity due to the complacency of the elite in authority. To have the population replaced by 100% will eventually create hardship and wealth greed which will make Singapore another Philippines and soon loose our competitiveness. The continue ignorance of the pap will not only destroy the pass leader hard work and principles which the present leaders are like monkeys that mimic but does not truly understood and learned the art of governing. Singaporean will becomes international beggars just like the 3rd world people\'s.
1004639866292838_1004708702952621	Early years , oldman n his guards built for the community and For the Community . Halfway his lifetime , he builts to make some profits . Later , because of Greed , he builts to make money . In the end , to make citizens feel Rich and enhance their assets , he and new team builts for the sake of Enriching their Own Cronies and Party . In the end , This Ruling Party MAKES ALL SINGAPOREAN IN DEBTS , FOR DECADES !  NOW THEY TRULY ARE THE " PEOPLE\'S AGONY PARTY "!
1004639866292838_1004716242951867	The cost of land is something they find difficulty to come up with. On one hand, they cannot set it too low. Otherwise, it will appear to be selling flats at too high a price. If the price of land is set too high, HDB will be suffering high loss. It is a problem of trying to be a profiteer and, at the same time, appearing to be a good guy.
1004639866292838_1004719809618177	Agrees with you .  Early part for the peoples , Mid part , profits for the nation , Last part , for Ownselves , Party and Own Corporations .
1004639866292838_1004739646282860	Bull Shit.  The reason is because our MIW does not want to HDB to be accountable.
1004639866292838_1004740179616140	The govt refuse to tell the true. Land cost are fixed at market rate. That is why hdb declare loss of billions. Lands are cheap if not free but govt value at market price in hdb flat.
1004639866292838_1004740646282760	How much more land can govt sell to get money ? And the land sale money are not declare ?
1004639866292838_1004764242947067	Ppl of BB, make not mistake... think for our n our children future... We need more transparency ... Already the current cost of living in this country are almost impossible to live... I feel so sorry n cannot imagine how our children future living under this regime!
1004639866292838_1004940642929427	Just another national Ponzi....
1004639866292838_1004959612927530	Wow! Truly 1st World "creative accounting"? KNN!
1004639866292838_1005582592865232	Mr.Chiam had been asking since 80s....
1004685609621597_1004696066287218	No need detective work. See who are their board members. Ha.
1004685609621597_1004704429619715	Mr Chan , do your homework before u talk cock ! See caught u red-handed . That shows u out of touch with your Grasshooks ?
1004685609621597_1004708779619280	Tellingly it shows calibre of our generals. When recent Pasir Ris accident happened, someone claimed that all safety procedures followed. But later confirmed not so. Really  serious sia, when supposedly top people can shoot their mouth without complete information or the facts
1004685609621597_1004722489617909	From his words, we can safely tell that he is totally in the dark about what is happening around him. Right hand don\'t know what left hand is doing and left hand don\'t know what right hand is doing. How in the world can he possibly run an organisation like that? Flipping flopping around. At least prata seller can come up with a better prata than him. Tkss.
1004685609621597_1004729782950513	When leaders are Retard , they gets Idiots around themself .
1004685609621597_1004729792950512	Bunch of "clowns baby generals!
1004685609621597_1004738282949663	Expected from paper general.
1004685609621597_1004739216282903	When the 70% had suffered enough. The PA will become WA workers association when pap is voted out. Hope karma come soon.
1004685609621597_1004778382945653	Every time he speaks, fart comes out from is mouth
1004685609621597_1004823559607802	j
1004685609621597_1004826196274205	Everyone including himself knew it is a lie and yet he lied. Wonder what his party colleagues think of him. Obviously, a man of low moral and spiritual convictions.
1004685609621597_1004935116263313	Wow! Brilliant! MM-material? KNN!
1004685609621597_1004967632926728	You can see that he speak slowly, I think he is acting cool, and many think that he is careful on his speech; but I see that as he himself can\'t even swallow what he had just said...
1004685609621597_1005412329548925	https://www.facebook.com/TREmeritus/posts/1005359086220916
1004749312948560_1004823626274462	The king must have died laughing
1004749312948560_1004838649606293	#pap\'s logic
1004749312948560_1004851072938384	Seriously? Can\'t be that bad right or is it?
1004749312948560_1004976532925838	Mr Mcdonalds would say  https://www.youtube.com/watch?v=2g5Hz17C4is
1004749312948560_1005199859570172	China, US Accuse Each Other of Human Rights Violations http://thediplomat.com/2016/04/china-us-accuse-each-other-of-human-rights-violations/
1004749312948560_1005200046236820	China is trying to be "funny".. gun control and crime deaths (USA) also "human rights"? how about their own accidental deaths caused by MAN made events or totally ignoring people needing help? by China logic\'s is WORSE human right violations isn\'t it?  https://www.youtube.com/watch?v=HURZUbbLp9o
1004749312948560_1005200379570120	Where is CHINA\'s "HUMAN RIGHTs " then?? >>>2 year old girl ran over 2 times in CHINA with 18 witnesses not helping her  https://www.youtube.com/watch?v=4UQGOle_ap0
1004749312948560_1005200842903407	In China, No earthquake also can have Mudslide. MAN MADE mudslide killing innocent people >>>>> >>>http://www.wsj.com/articles/environmental-monitor-detailed-safety-lapses-at-shenzhen-landfill-ahead-of-collapse-1450897237
1004749312948560_1005236172899874	Boon Huat Tan well this 2 natiim is really a big joke to our planet earth each trying to outdo one another
1004749312948560_1005281116228713	Stupidity reigns... or it is govt trying to upset the mc donald company....
1004749312948560_1005418936214931	this is communism......
1005185226238302_1005188719571286	well,majority are not smart enough to see through the lies of pap.  its like the matrix,where some will take the red pill and most the blue pill...its easier to ignore the truth than deal with the reality affecting them.
1005185226238302_1005190622904429	But singaporeans are all scared to fail! Many will say that singapore cannot affford to fail and will nt fail.
1005185226238302_1005191319571026	The moronic population has increased to 70% since the last GE.
1005185226238302_1005193272904164	Gave... this makes me laugh.... Tell me which Pappies or their family does not live the high life. Which Pappies have a day current that has to worry the cost of living will give you depression? Which Pappies that uses their own money to donate to their voters in need when the polices cannot cater?
1005185226238302_1005193469570811	the daughter is part of the daft 70% fools for sure.. more to surface in the nxt ge..
1005185226238302_1005199056236919	tons of brainwashed and busy people who cannot think properly since all their info and how they think are FIXED and SET by Pappies controlled MSM
1005185226238302_1005200799570078	THANKS DOC
1005185226238302_1005202696236555	Indoctrinated till they can\'t think straight. To these people, everything will only be about the whites. Even their brains are white (whitewashed). When will they ever wake up from their slumber? Haiya.
1005185226238302_1005211346235690	That\'s very true.  The 70% Singaporeans are so blurred and stupid.  When the government gives them GST voucher they think the government is paying for them the GST.  It cost the government not a single penny.  The voucher is to waive GST payable.  The next stupid thing they did was to go out and spend spend.  Now who makes the money for the spending.  If no voucher given do you think they will spend spend spend?  Likewise Pioneer Generation Card.  The government spends so much money on promotion work, paying GRC members are extra money to go around telling all these old folks how to use the Pioneer Generation Card.  Actually to keep it simple the government could have just give the Senior the discounts or rebate when they see the doctor or go to NTUC when they present their IC.  No need with all these promotion and GRC.  Who is benefiting from all these really.  The friends of the MIW making money from carrying balls.  So when you hear of the government giving you goodies.  Think again.  You are asking yourself to be screwed really!
1005185226238302_1005214156235409	many people who said they voted for the PAP said the same thing, "so and so have done so much for us." they also took alot from us.
1005185226238302_1005215842901907	most in singapore thought that paying taxes is common and that is in the "package" and part of expenses. Yet no one asked what is that for and how it would be used. That is how many youngester nowadays think. Brain well washed clean and becoming like pets due to the "systematic" education they been thru all their life.
1005185226238302_1005227459567412	???????????????
1005185226238302_1005261766230648	So Grace Foo did not buy the wheelchair from  her own pocket money.
1005185226238302_1005277462895745	That\'s Why I tighten my wallet snow last GE. Only help those who are in 30%
1005185226238302_1005280819562076	Ppl keep giving handouts.
1005185226238302_1005282156228609	70% political idiots.
1005185226238302_1005291929560965	This sure trumps Trump
1005185226238302_1005299166226908	Talk as though it came from the MP\'s own pocket chay
1005185226238302_1005322806224544	http://izquotes.com/quotes-pictures/quote-my-slogan-when-i-ran-was-that-there-is-no-such-thing-as-government-money-there-is-only-taxpayer-s-william-weld-195494.jpg
1005185226238302_1005381812885310	Well said sir Paul
1005185226238302_1005395336217291	AI ya even without LKY the world still going round, PAP Dun talk cock
1005185226238302_1005417489548409	The 70% brain is stuck with  PAP shit - brainwashed!!!
1005185226238302_1005417509548407	PA can do wonders with 1 billion tax payers budget
1005185226238302_1005427322880759	Please tell PAP to stop using my money. .
1005227636234061_1005257806231044	Foreigners help create jobs - doing what?
1005227636234061_1005271702896321	FTS is not doing more sales all are fulfilling just orders quota only
1005227636234061_1005274926229332	When factor in oil business that plunge even more (due to falling oil prices) the situation is even worse. Together with financials in bad shape (more to come with Panama papers expose). Let\'s sing together "Sink-a pore is falling down. Falling down, falling down. Sink-apogee is falling down. My fair lady." ;)))
1005227636234061_1005285936228231	This is just the start only
1005227636234061_1005291542894337	Recession on the cards for sure anytime this year.
1005227636234061_1005341516222673	The present team cannot make it.
1005227636234061_1005360792887412	The cabinet need to go for cut in salary
1005227636234061_1005384269551731	Already on a week-long trip and working very hard to look for new export market in the Mideast liao.....
1005227636234061_1005405509549607	Let see what our Pinkyloong can do.  He has maxed out but his salary has not maxed out but maxed up and up.
1005227636234061_1005453712878120	No lah... PAP always paint rosy picture
1005227636234061_1005539349536223	With his team of Idiots , who dares comes singapore invest n setup corporate offices . Joking right !  Even some Big Gun mentioned , with so much companies & businesses owned by govt . What is there Left for Foreign Investors ?  Even local Smes n Startup cant even Survive with all this business costs !
1005227636234061_1005615766195248	There is a lot that governments are not telling us and that\'s not only our own government. If we take things at face value, of course, we will all be underestimating the problems.
1005227636234061_1005821292841362	He will send his dogs to fine sinki on small matter everything\'s that can sunk money out of it
1005227636234061_1005893879500770	The purpose to bring in foreigners is to fill up jobs which the local citizen refused to do but over the years, more of them have been filling professional position
1005322949557863_1005323529557805	goes to show how loyal these running dogs are. David Marshall wasn\'t wrong to call them as such.  and they say singapore is a clean and corrupt free country....of course it is,when you have these running dogs whitewashing and propagating propaganda horseshit!
1005322949557863_1005334059556752	the answer is very easy ICIJ cannot tahan the "Hard truth" our "Singaporean journalists: bring with them
1005322949557863_1005338336222991	We have Dogs & Traitors & Hypocrites everywhere !
1005322949557863_1005345569555601	They were right! No real Journalists here!
1005322949557863_1005346492888842	we have Pimps And Prostitutes.... lol
1005322949557863_1005349852888506	thank you PAPies..
1005322949557863_1005351462888345	Afraid they will "burnt" the evidence in case some VIP on the list (no surprise)..our lackeys are world class top notch, they will not betray their master...
1005322949557863_1005356189554539	Already mentioned by Dr. Lee Wei LIng, no real freedom of sppech in Singapore.
1005322949557863_1005356369554521	The world knows journalists here are enslaved
1005322949557863_1005356469554511	Do u trust Shit Times?
1005322949557863_1005359236220901	Singapore is the closest to north Korea...I read somewhere someone said our PM is Kim Jong Loong...haha
1005322949557863_1005368709553287	.  STraits Times
1005322949557863_1005383899551768	We have news readers rather than Journalists
1005322949557863_1005385829551575	So sad. Makes one realize the shit we had been fed all this years...
1005322949557863_1005390669551091	I think the cut off position is 152. Beyond that cannot be trusted. ??
1005322949557863_1005393562884135	Maybe because Warren Fernandez may be on the list?
1005322949557863_1005396142883877	Daft 70% still believe and fight to believe Straits Times and the local media. They are made to believe that Asian values are better than Western values that the Western media represent.
1005322949557863_1005400512883440	PAP own ST
1005322949557863_1005405899549568	it speaks volume, hahahaaaaaaaaaaaaaaaaaaaaaaaaaaaaaaaaaaah
1005322949557863_1005408986215926	I think Singapore journalists still figuring out the Singapore White Paper; whether to blow or to whistle
1005322949557863_1005411972882294	We only have MSM lap dogs to call our own! Majulah!
1005322949557863_1005426959547462	Why am I not surprised!....
1005322949557863_1005485119541646	Not surprise... Ranked 150th n smells bad..
1005322949557863_1007027572720734	Paper start with P_P